Symbol,Date,Close,Volume,Open,High,Low,Week,Month
AAPL,12/31/20,132.69,99116590,134.08,134.74,131.72,53,12
AAPL,12/30/20,133.72,96452120,135.58,135.99,133.40,53,12
AAPL,12/29/20,134.87,121047300,138.05,138.79,134.34,53,12
AAPL,12/28/20,136.69,124486200,133.99,137.34,133.51,53,12
AAPL,12/24/20,131.97,54930060,131.32,133.46,131.10,52,12
AAPL,12/23/20,130.96,88223690,132.16,132.43,130.78,52,12
AAPL,12/22/20,131.88,169351800,131.61,134.41,129.65,52,12
AAPL,12/21/20,128.23,121251600,125.02,128.31,123.45,52,12
AAPL,12/18/20,126.66,192541500,128.96,129.10,126.12,51,12
AAPL,12/17/20,128.70,94359810,128.90,129.58,128.05,51,12
AAPL,12/16/20,127.81,98208590,127.41,128.37,126.56,51,12
AAPL,12/15/20,127.88,157572300,124.34,127.90,124.13,51,12
AAPL,12/14/20,121.78,79075990,122.60,123.35,121.54,51,12
AAPL,12/11/20,122.41,86939790,122.43,122.76,120.55,50,12
AAPL,12/10/20,123.24,81312170,120.50,123.87,120.15,50,12
AAPL,12/9/20,121.78,115089200,124.53,125.95,121.00,50,12
AAPL,12/8/20,124.38,82225510,124.37,124.98,123.09,50,12
AAPL,12/7/20,123.75,86711990,122.31,124.57,122.25,50,12
AAPL,12/4/20,122.25,78260420,122.60,122.86,121.52,49,12
AAPL,12/3/20,122.94,78967630,123.52,123.78,122.21,49,12
AAPL,12/2/20,123.08,89004200,122.02,123.37,120.89,49,12
AAPL,12/1/20,122.72,128166800,121.01,123.47,120.01,49,12
AAPL,11/30/20,119.05,169410200,116.97,120.97,116.81,49,11
AAPL,11/27/20,116.59,46691330,116.57,117.49,116.22,48,11
AAPL,11/25/20,116.03,76499230,115.55,116.75,115.17,48,11
AAPL,11/24/20,115.17,113874200,113.91,115.85,112.59,48,11
AAPL,11/23/20,113.85,127959300,117.18,117.62,113.75,48,11
AAPL,11/20/20,117.34,73604290,118.64,118.77,117.29,47,11
AAPL,11/19/20,118.64,74112970,117.59,119.06,116.81,47,11
AAPL,11/18/20,118.03,76322110,118.61,119.82,118.00,47,11
AAPL,11/17/20,119.39,74270970,119.55,120.67,118.96,47,11
AAPL,11/16/20,120.30,91183020,118.92,120.99,118.15,47,11
AAPL,11/13/20,119.26,81688590,119.44,119.67,117.87,46,11
AAPL,11/12/20,119.21,103350700,119.62,120.53,118.57,46,11
AAPL,11/11/20,119.49,112295000,117.19,119.63,116.44,46,11
AAPL,11/10/20,115.97,138023400,115.55,117.59,114.13,46,11
AAPL,11/9/20,116.32,154515300,120.50,121.99,116.05,46,11
AAPL,11/6/20,118.69,114457900,118.32,119.20,116.13,45,11
AAPL,11/5/20,119.03,126387100,117.95,119.62,116.87,45,11
AAPL,11/4/20,114.95,138235500,114.14,115.59,112.35,45,11
AAPL,11/3/20,110.44,107624400,109.66,111.49,108.73,45,11
AAPL,11/2/20,108.77,122866900,109.11,110.68,107.32,45,11
AAPL,10/30/20,108.86,190573500,111.06,111.99,107.72,44,10
AAPL,10/29/20,115.32,146129200,112.37,116.93,112.20,44,10
AAPL,10/28/20,111.20,143937800,115.05,115.43,111.10,44,10
AAPL,10/27/20,116.60,92276770,115.49,117.28,114.54,44,10
AAPL,10/26/20,115.05,111850700,114.01,116.55,112.88,44,10
AAPL,10/23/20,115.04,82572650,116.39,116.55,114.28,43,10
AAPL,10/22/20,115.75,101988000,117.45,118.04,114.59,43,10
AAPL,10/21/20,116.87,89945980,116.67,118.71,116.45,43,10
AAPL,10/20/20,117.51,124423700,116.20,118.98,115.63,43,10
AAPL,10/19/20,115.98,120639300,119.96,120.42,115.66,43,10
AAPL,10/16/20,119.02,115393800,121.28,121.55,118.81,42,10
AAPL,10/15/20,120.71,112559200,118.72,121.20,118.15,42,10
AAPL,10/14/20,121.19,151062300,121.00,123.03,119.62,42,10
AAPL,10/13/20,121.10,262330500,125.27,125.39,119.65,42,10
AAPL,10/12/20,124.40,240226800,120.06,125.18,119.28,42,10
AAPL,10/9/20,116.97,100506900,115.28,117.00,114.92,41,10
AAPL,10/8/20,114.97,83477150,116.25,116.40,114.59,41,10
AAPL,10/7/20,115.08,96848990,114.62,115.55,114.13,41,10
AAPL,10/6/20,113.16,161498200,115.70,116.12,112.25,41,10
AAPL,10/5/20,116.50,106243800,113.91,116.65,113.55,41,10
AAPL,10/2/20,113.02,144712000,112.89,115.37,112.22,40,10
AAPL,10/1/20,116.79,116120400,117.64,117.72,115.83,40,10
AAPL,9/30/20,115.81,142675200,113.79,117.26,113.62,40,9
AAPL,9/29/20,114.09,100060500,114.55,115.31,113.57,40,9
AAPL,9/28/20,114.96,137672400,115.01,115.32,112.78,40,9
AAPL,9/25/20,112.28,149981400,108.43,112.44,107.67,39,9
AAPL,9/24/20,108.22,167743300,105.17,110.25,105.00,39,9
AAPL,9/23/20,107.12,150718700,111.62,112.11,106.77,39,9
AAPL,9/22/20,111.81,183055400,112.68,112.86,109.16,39,9
AAPL,9/21/20,110.08,195713800,104.54,110.19,103.10,39,9
AAPL,9/18/20,106.84,287104900,110.40,110.88,106.09,38,9
AAPL,9/17/20,110.34,178011000,109.72,112.20,108.71,38,9
AAPL,9/16/20,112.13,155026700,115.23,116.00,112.04,38,9
AAPL,9/15/20,115.54,184642000,118.33,118.83,113.61,38,9
AAPL,9/14/20,115.36,140150100,114.72,115.93,112.80,38,9
AAPL,9/11/20,112.00,180860300,114.57,115.23,110.00,37,9
AAPL,9/10/20,113.49,182274400,120.36,120.50,112.50,37,9
AAPL,9/9/20,117.32,176940500,117.26,119.14,115.26,37,9
AAPL,9/8/20,112.82,231366600,113.95,118.99,112.68,37,9
AAPL,9/4/20,120.96,332607200,120.07,123.70,110.89,36,9
AAPL,9/3/20,120.88,257599600,126.91,128.84,120.50,36,9
AAPL,9/2/20,131.40,200119000,137.59,137.98,127.00,36,9
AAPL,9/1/20,134.18,152470100,132.76,134.80,130.53,36,9
AAPL,8/31/20,129.04,225702700,127.58,131.00,126.00,36,8
AAPL,8/28/20,124.81,187629920,126.01,126.44,124.58,35,8
AAPL,8/27/20,125.01,155552400,127.14,127.49,123.83,35,8
AAPL,8/26/20,126.52,163022280,126.18,126.99,125.08,35,8
AAPL,8/25/20,124.83,211495800,124.70,125.18,123.05,35,8
AAPL,8/24/20,125.86,345937760,128.70,128.79,123.94,35,8
AAPL,8/21/20,124.37,338054640,119.26,124.87,119.25,34,8
AAPL,8/20/20,118.28,126907200,115.75,118.39,115.73,34,8
AAPL,8/19/20,115.71,145538000,115.98,117.16,115.61,34,8
AAPL,8/18/20,115.56,105633560,114.35,116.00,114.01,34,8
AAPL,8/17/20,114.61,119561440,116.06,116.09,113.96,34,8
AAPL,8/14/20,114.91,165565200,114.83,115.00,113.05,33,8
AAPL,8/13/20,115.01,210082080,114.43,116.04,113.93,33,8
AAPL,8/12/20,113.01,165944840,110.50,113.28,110.30,33,8
AAPL,8/11/20,109.38,187902360,111.97,112.48,109.11,33,8
AAPL,8/10/20,112.73,212403440,112.60,113.78,110.00,33,8
AAPL,8/7/20,111.11,198045600,113.21,113.68,110.29,32,8
AAPL,8/6/20,113.90,202428920,110.41,114.41,109.80,32,8
AAPL,8/5/20,110.06,121991960,109.38,110.39,108.90,32,8
AAPL,8/4/20,109.67,172792360,109.13,110.79,108.39,32,8
AAPL,8/3/20,108.94,308151400,108.20,111.64,107.89,32,8
AAPL,7/31/20,106.26,374295480,102.88,106.42,100.83,31,7
AAPL,7/30/20,96.19,158130040,94.19,96.30,93.77,31,7
AAPL,7/29/20,95.04,90329240,93.75,95.23,93.71,31,7
AAPL,7/28/20,93.25,103625520,94.37,94.55,93.25,31,7
AAPL,7/27/20,94.81,121214200,93.71,94.91,93.48,31,7
AAPL,7/24/20,92.62,185438880,90.99,92.97,89.15,30,7
AAPL,7/23/20,92.85,197004440,97.00,97.08,92.01,30,7
AAPL,7/22/20,97.27,89001640,96.69,97.98,96.60,30,7
AAPL,7/21/20,97.00,103645840,99.17,99.25,96.74,30,7
AAPL,7/20/20,98.36,90317920,96.42,98.50,96.06,30,7
AAPL,7/17/20,96.33,92186920,96.99,97.15,95.84,29,7
AAPL,7/16/20,96.52,110577680,96.56,97.41,95.91,29,7
AAPL,7/15/20,97.73,153197920,98.99,99.25,96.49,29,7
AAPL,7/14/20,97.06,170989360,94.84,97.26,93.88,29,7
AAPL,7/13/20,95.48,191649160,97.27,99.96,95.26,29,7
AAPL,7/10/20,95.92,90257320,95.34,95.98,94.71,28,7
AAPL,7/9/20,95.68,125642600,96.26,96.32,94.67,28,7
AAPL,7/8/20,95.34,117091880,94.18,95.38,94.09,28,7
AAPL,7/7/20,93.17,112424440,93.85,94.66,93.06,28,7
AAPL,7/6/20,93.46,118655640,92.50,93.95,92.47,28,7
AAPL,7/2/20,91.03,114041480,91.96,92.62,90.91,27,7
AAPL,7/1/20,91.03,110737240,91.28,91.84,90.98,27,7
AAPL,6/30/20,91.20,140223280,90.02,91.50,90.00,27,6
AAPL,6/29/20,90.45,130646080,88.31,90.54,87.82,27,6
AAPL,6/26/20,88.41,205256840,91.10,91.33,88.26,26,6
AAPL,6/25/20,91.21,137522520,90.18,91.25,89.39,26,6
AAPL,6/24/20,90.02,192623400,91.25,92.20,89.63,26,6
AAPL,6/23/20,91.63,212155480,91.00,93.10,90.57,26,6
AAPL,6/22/20,89.72,135445280,87.84,89.87,87.79,26,6
AAPL,6/19/20,87.43,264475800,88.66,89.14,86.29,25,6
AAPL,6/18/20,87.93,96820400,87.85,88.36,87.31,25,6
AAPL,6/17/20,87.90,114406520,88.79,88.85,87.77,25,6
AAPL,6/16/20,88.02,165428720,87.87,88.30,86.18,25,6
AAPL,6/15/20,85.75,138808920,83.31,86.42,83.15,25,6
AAPL,6/12/20,84.70,200146040,86.18,86.95,83.56,24,6
AAPL,6/11/20,83.98,201662440,87.33,87.77,83.87,24,6
AAPL,6/10/20,88.21,166651760,86.98,88.69,86.52,24,6
AAPL,6/9/20,86.00,147712360,83.04,86.40,83.00,24,6
AAPL,6/8/20,83.37,95654520,82.56,83.40,81.83,24,6
AAPL,6/5/20,82.88,137250200,80.84,82.94,80.81,23,6
AAPL,6/4/20,80.58,87560360,81.10,81.41,80.20,23,6
AAPL,6/3/20,81.28,104491200,81.17,81.55,80.58,23,6
AAPL,6/2/20,80.84,87642800,80.19,80.86,79.73,23,6
AAPL,6/1/20,80.46,81018600,79.44,80.59,79.30,23,6
AAPL,5/29/20,79.49,153598120,79.81,80.29,79.12,22,5
AAPL,5/28/20,79.56,133796400,79.19,80.86,78.91,22,5
AAPL,5/27/20,79.53,112945080,79.04,79.68,78.27,22,5
AAPL,5/26/20,79.18,125521800,80.88,81.06,79.13,22,5
AAPL,5/22/20,79.72,81803000,78.94,79.81,78.84,21,5
AAPL,5/21/20,79.21,102688840,79.67,80.22,78.97,21,5
AAPL,5/20/20,79.81,111504880,79.17,79.88,79.05,21,5
AAPL,5/19/20,78.29,101729560,78.76,79.63,78.25,21,5
AAPL,5/18/20,78.74,135372520,78.29,79.13,77.58,21,5
AAPL,5/15/20,76.93,166348360,75.09,76.98,75.05,20,5
AAPL,5/14/20,77.39,158929080,76.13,77.45,75.38,20,5
AAPL,5/13/20,76.91,200622560,78.04,78.99,75.80,20,5
AAPL,5/12/20,77.85,162301040,79.46,79.92,77.73,20,5
AAPL,5/11/20,78.75,145946240,77.03,79.26,76.81,20,5
AAPL,5/8/20,77.53,134047960,76.41,77.59,76.07,19,5
AAPL,5/7/20,75.94,115215040,75.81,76.29,75.49,19,5
AAPL,5/6/20,75.16,142333760,75.12,75.81,74.72,19,5
AAPL,5/5/20,74.39,147751200,73.77,75.25,73.62,19,5
AAPL,5/4/20,73.29,133567960,72.29,73.42,71.58,19,5
AAPL,5/1/20,72.27,240616720,71.56,74.75,71.46,18,5
AAPL,4/30/20,73.45,183063880,72.49,73.63,72.09,18,4
AAPL,4/29/20,71.93,137280800,71.18,72.42,70.97,18,4
AAPL,4/28/20,69.65,112004760,71.27,71.46,69.55,18,4
AAPL,4/27/20,70.79,117087560,70.45,71.14,69.99,18,4
AAPL,4/24/20,70.74,126508720,69.30,70.75,69.25,17,4
AAPL,4/23/20,68.76,124814320,68.97,70.44,68.72,17,4
AAPL,4/22/20,69.03,117057360,68.40,69.48,68.05,17,4
AAPL,4/21/20,67.09,180991560,69.07,69.31,66.36,17,4
AAPL,4/20/20,69.23,130015000,69.49,70.42,69.21,17,4
AAPL,4/17/20,70.70,215249920,71.17,71.74,69.22,16,4
AAPL,4/16/20,71.67,157125160,71.85,72.05,70.59,16,4
AAPL,4/15/20,71.11,131154560,70.60,71.58,70.16,16,4
AAPL,4/14/20,71.76,194994680,70.00,72.06,69.51,16,4
AAPL,4/13/20,68.31,131022920,67.08,68.43,66.46,16,4
AAPL,4/9/20,67.00,162116480,67.18,67.52,66.18,15,4
AAPL,4/8/20,66.52,168895280,65.69,66.84,65.31,15,4
AAPL,4/7/20,64.86,202887320,67.70,67.93,64.75,15,4
AAPL,4/6/20,65.62,201820280,62.73,65.78,62.35,15,4
AAPL,4/3/20,60.35,129880080,60.70,61.43,59.74,14,4
AAPL,4/2/20,61.23,165933960,60.09,61.29,59.23,14,4
AAPL,4/1/20,60.23,176218560,61.63,62.18,59.78,14,4
AAPL,3/31/20,63.57,197002000,63.90,65.62,63.00,14,3
AAPL,3/30/20,63.70,167976440,62.69,63.88,62.35,14,3
AAPL,3/27/20,61.94,204216600,63.19,63.97,61.76,13,3
AAPL,3/26/20,64.61,252560680,61.63,64.67,61.59,13,3
AAPL,3/25/20,61.38,303602040,62.69,64.56,61.08,13,3
AAPL,3/24/20,61.72,287531080,59.09,61.92,58.58,13,3
AAPL,3/23/20,56.09,336752840,57.02,57.12,53.15,13,3
AAPL,3/20/20,57.31,401693200,61.80,62.96,57.00,12,3
AAPL,3/19/20,61.20,271857040,61.85,63.21,60.65,12,3
AAPL,3/18/20,61.67,300233640,59.94,62.50,59.28,12,3
AAPL,3/17/20,63.22,324055880,61.88,64.40,59.60,12,3
AAPL,3/16/20,60.55,322423480,60.49,64.77,60.00,12,3
AAPL,3/13/20,69.49,370732120,66.22,69.98,63.24,11,3
AAPL,3/12/20,62.06,418474000,63.99,67.50,62.00,11,3
AAPL,3/11/20,68.86,256379880,69.35,70.31,67.97,11,3
AAPL,3/10/20,71.34,285290080,69.29,71.61,67.34,11,3
AAPL,3/9/20,66.54,286744840,65.94,69.52,65.75,11,3
AAPL,3/6/20,72.26,226177000,70.50,72.71,70.31,10,3
AAPL,3/5/20,73.23,187572880,73.88,74.89,72.85,10,3
AAPL,3/4/20,75.69,219178280,74.11,75.85,73.28,10,3
AAPL,3/3/20,72.33,319475400,75.92,76.00,71.45,10,3
AAPL,3/2/20,74.70,341397360,70.57,75.36,69.43,10,3
AAPL,2/28/20,68.34,426884800,64.32,69.60,64.09,9,2
AAPL,2/27/20,68.38,320605520,70.28,71.50,68.24,9,2
AAPL,2/26/20,73.16,198713720,71.63,74.47,71.63,9,2
AAPL,2/25/20,72.02,230673440,75.24,75.63,71.53,9,2
AAPL,2/24/20,74.55,222195320,74.32,76.05,72.31,9,2
AAPL,2/21/20,78.26,129705680,79.66,80.11,77.63,8,2
AAPL,2/20/20,80.08,100565960,80.66,81.16,79.55,8,2
AAPL,2/19/20,80.91,93983960,80.00,81.14,80.00,8,2
AAPL,2/18/20,79.75,152762200,78.84,79.94,78.65,8,2
AAPL,2/14/20,81.24,80113800,81.19,81.50,80.71,7,2
AAPL,2/13/20,81.22,94747560,81.05,81.56,80.84,7,2
AAPL,2/12/20,81.80,113730280,80.37,81.81,80.37,7,2
AAPL,2/11/20,79.90,94323120,80.90,80.98,79.68,7,2
AAPL,2/10/20,80.39,109348880,78.55,80.39,78.46,7,2
AAPL,2/7/20,80.01,117684040,80.59,80.85,79.50,6,2
AAPL,2/6/20,81.30,105425560,80.64,81.31,80.07,6,2
AAPL,2/5/20,80.36,118826880,80.88,81.19,79.74,6,2
AAPL,2/4/20,79.71,136616520,78.83,79.91,78.41,6,2
AAPL,2/3/20,77.17,173985600,76.08,78.37,75.56,6,2
AAPL,1/31/20,77.38,199588400,80.23,80.67,77.07,5,1
AAPL,1/30/20,80.97,126743240,80.14,81.02,79.69,5,1
AAPL,1/29/20,81.09,216599720,81.11,81.96,80.35,5,1
AAPL,1/28/20,79.42,162233960,78.15,79.60,78.05,5,1
AAPL,1/27/20,77.24,161940040,77.52,77.94,76.22,5,1
AAPL,1/24/20,79.58,146537520,80.06,80.83,79.38,4,1
AAPL,1/23/20,79.81,104471960,79.48,79.89,78.91,4,1
AAPL,1/22/20,79.43,101832480,79.65,80.00,79.33,4,1
AAPL,1/21/20,79.14,110843240,79.30,79.76,79.00,4,1
AAPL,1/17/20,79.68,137816480,79.07,79.69,78.75,3,1
AAPL,1/16/20,78.81,108829000,78.40,78.93,78.02,3,1
AAPL,1/15/20,77.84,121923520,77.96,78.88,77.39,3,1
AAPL,1/14/20,78.17,162613840,79.18,79.39,78.04,3,1
AAPL,1/13/20,79.24,122086880,77.91,79.27,77.79,3,1
AAPL,1/10/20,77.58,140869080,77.65,78.17,77.06,2,1
AAPL,1/9/20,77.41,170486160,76.81,77.61,76.55,2,1
AAPL,1/8/20,75.80,132363800,74.29,76.11,74.29,2,1
AAPL,1/7/20,74.60,111510640,74.96,75.23,74.37,2,1
AAPL,1/6/20,74.95,118578560,73.45,74.99,73.19,2,1
AAPL,1/3/20,74.36,146535520,74.29,75.15,74.13,1,1
AAPL,1/2/20,75.09,135647440,74.06,75.15,73.80,1,1
MSFT,12/31/20,222.42,20942130,221.70,223.00,219.68,53,12
MSFT,12/30/20,221.68,20272340,225.23,225.63,221.47,53,12
MSFT,12/29/20,224.15,17403210,226.31,227.18,223.58,53,12
MSFT,12/28/20,224.96,17933500,224.45,226.03,223.02,53,12
MSFT,12/24/20,222.75,10550570,221.42,223.61,221.20,52,12
MSFT,12/23/20,221.02,18699640,223.11,223.56,220.80,52,12
MSFT,12/22/20,223.94,22643400,222.69,225.63,221.85,52,12
MSFT,12/21/20,222.59,37181890,217.55,224.00,217.28,52,12
MSFT,12/18/20,218.59,63354920,218.59,219.69,216.02,51,12
MSFT,12/17/20,219.42,32515780,219.87,220.89,217.92,51,12
MSFT,12/16/20,219.28,35023250,214.75,220.11,214.72,51,12
MSFT,12/15/20,214.13,27018110,215.17,215.42,212.24,51,12
MSFT,12/14/20,214.20,28798380,213.10,216.21,212.88,51,12
MSFT,12/11/20,213.26,30979440,210.05,213.32,209.11,50,12
MSFT,12/10/20,210.52,26467020,211.77,213.08,210.36,50,12
MSFT,12/9/20,211.80,32440600,215.16,215.23,211.21,50,12
MSFT,12/8/20,216.01,23284090,213.97,216.95,212.89,50,12
MSFT,12/7/20,214.29,24620000,214.37,215.54,212.99,50,12
MSFT,12/4/20,214.36,24666040,214.22,215.38,213.18,49,12
MSFT,12/3/20,214.24,25120920,214.61,216.38,213.65,49,12
MSFT,12/2/20,215.37,23724510,214.88,215.47,212.80,49,12
MSFT,12/1/20,216.21,30931320,214.51,217.32,213.35,49,12
MSFT,11/30/20,214.07,33064750,214.10,214.76,210.84,49,11
MSFT,11/27/20,215.23,14512210,214.85,216.27,214.04,48,11
MSFT,11/25/20,213.87,21012890,215.11,215.29,212.46,48,11
MSFT,11/24/20,213.86,33979730,209.59,214.25,208.86,48,11
MSFT,11/23/20,210.11,25683510,210.95,212.29,208.16,48,11
MSFT,11/20/20,210.39,22843120,212.20,213.29,210.00,47,11
MSFT,11/19/20,212.42,24792750,211.38,213.03,209.93,47,11
MSFT,11/18/20,211.08,28372790,213.65,215.17,210.93,47,11
MSFT,11/17/20,214.46,24154110,216.10,217.68,214.08,47,11
MSFT,11/16/20,217.23,24953340,214.87,217.74,214.52,47,11
MSFT,11/13/20,216.51,18630310,216.36,217.42,214.16,46,11
MSFT,11/12/20,215.44,21616120,217.21,219.11,214.46,46,11
MSFT,11/11/20,216.55,29440790,212.39,218.04,212.20,46,11
MSFT,11/10/20,211.01,44045120,214.50,216.50,209.72,46,11
MSFT,11/9/20,218.39,44394950,224.44,228.12,217.88,46,11
MSFT,11/6/20,223.72,25231900,222.26,224.36,218.03,45,11
MSFT,11/5/20,223.29,36080140,222.04,224.12,221.15,45,11
MSFT,11/4/20,216.39,42311780,214.02,218.32,212.42,45,11
MSFT,11/3/20,206.43,27512030,203.89,208.12,203.12,45,11
MSFT,11/2/20,202.33,30842160,204.29,205.28,200.12,45,11
MSFT,10/30/20,202.47,36980110,203.50,204.29,199.62,44,10
MSFT,10/29/20,204.72,31432560,204.07,207.36,203.37,44,10
MSFT,10/28/20,202.68,51195590,207.67,208.84,202.10,44,10
MSFT,10/27/20,213.25,36700330,211.59,214.67,210.33,44,10
MSFT,10/26/20,210.08,37111560,213.85,216.34,208.10,44,10
MSFT,10/23/20,216.23,18879610,215.03,216.28,213.16,43,10
MSFT,10/22/20,214.89,22351450,213.93,216.06,211.70,43,10
MSFT,10/21/20,214.80,22724910,213.12,216.92,213.12,43,10
MSFT,10/20/20,214.65,22753510,215.80,217.37,213.09,43,10
MSFT,10/19/20,214.22,27625840,220.42,222.30,213.72,43,10
MSFT,10/16/20,219.66,26057880,220.15,222.29,219.32,42,10
MSFT,10/15/20,219.66,22733060,217.10,220.36,216.01,42,10
MSFT,10/14/20,220.86,23451710,223.00,224.22,219.13,42,10
MSFT,10/13/20,222.86,28950840,222.72,225.21,220.43,42,10
MSFT,10/12/20,221.40,40461370,218.79,223.86,216.81,42,10
MSFT,10/9/20,215.81,26458050,211.23,215.86,211.23,41,10
MSFT,10/8/20,210.58,19925840,210.51,211.19,208.32,41,10
MSFT,10/7/20,209.83,25681050,207.06,210.11,206.72,41,10
MSFT,10/6/20,205.91,28554260,208.82,210.18,204.82,41,10
MSFT,10/5/20,210.38,21331560,207.22,210.41,206.98,41,10
MSFT,10/2/20,206.19,33154780,208.00,210.99,205.54,40,10
MSFT,10/1/20,212.46,27158420,213.49,213.99,211.32,40,10
MSFT,9/30/20,210.33,33829090,207.73,211.98,206.54,40,9
MSFT,9/29/20,207.26,24464470,209.35,210.07,206.81,40,9
MSFT,9/28/20,209.44,32004940,210.88,212.57,208.06,40,9
MSFT,9/25/20,207.82,29437310,203.55,209.04,202.54,39,9
MSFT,9/24/20,203.19,31202490,199.85,205.57,199.20,39,9
MSFT,9/23/20,200.59,30803780,207.90,208.10,200.03,39,9
MSFT,9/22/20,207.42,33517070,205.06,208.10,202.08,39,9
MSFT,9/21/20,202.54,39839660,197.19,202.71,196.38,39,9
MSFT,9/18/20,200.39,55225330,202.80,203.65,196.25,38,9
MSFT,9/17/20,202.91,34011260,200.05,204.33,199.96,38,9
MSFT,9/16/20,205.05,26372460,210.62,210.65,204.64,38,9
MSFT,9/15/20,208.78,21823940,208.42,209.78,206.93,38,9
MSFT,9/14/20,205.41,30375770,204.24,209.20,204.03,38,9
MSFT,9/11/20,204.03,33620070,207.20,208.63,201.24,37,9
MSFT,9/10/20,205.37,35461510,213.40,214.74,204.11,37,9
MSFT,9/9/20,211.29,45678990,207.60,214.84,206.70,37,9
MSFT,9/8/20,202.66,52924330,206.50,210.03,202.20,37,9
MSFT,9/4/20,214.25,59664070,215.10,218.36,205.19,36,9
MSFT,9/3/20,217.30,58400290,229.27,229.31,214.96,36,9
MSFT,9/2/20,231.65,34080840,227.97,232.86,227.35,36,9
MSFT,9/1/20,227.27,25791240,225.51,227.45,224.43,36,9
MSFT,8/31/20,225.53,28774160,227.00,228.70,224.31,36,8
MSFT,8/28/20,228.91,26292900,228.18,230.64,226.58,35,8
MSFT,8/27/20,226.58,57602200,222.89,231.15,219.40,35,8
MSFT,8/26/20,221.15,39600830,217.88,222.09,217.36,35,8
MSFT,8/25/20,216.47,23043700,213.10,216.61,213.10,35,8
MSFT,8/24/20,213.69,25460150,214.79,215.52,212.43,35,8
MSFT,8/21/20,213.02,36249320,213.86,216.25,212.85,34,8
MSFT,8/20/20,214.58,26981480,209.54,215.00,208.91,34,8
MSFT,8/19/20,209.70,27627560,211.49,212.10,209.25,34,8
MSFT,8/18/20,211.49,21336170,210.53,212.36,209.21,34,8
MSFT,8/17/20,210.28,20184760,209.60,211.19,208.92,34,8
MSFT,8/14/20,208.90,17958940,208.76,209.59,207.51,33,8
MSFT,8/13/20,208.70,22588870,209.44,211.35,208.15,33,8
MSFT,8/12/20,209.19,28041360,205.29,210.28,204.75,33,8
MSFT,8/11/20,203.38,36446460,207.16,207.65,203.14,33,8
MSFT,8/10/20,208.25,36716460,211.67,211.88,206.35,33,8
MSFT,8/7/20,212.48,27820420,214.85,215.70,210.93,32,8
MSFT,8/6/20,216.35,32656840,212.34,216.37,211.55,32,8
MSFT,8/5/20,212.94,28858620,214.90,215.00,211.57,32,8
MSFT,8/4/20,213.29,49280060,214.17,214.77,210.31,32,8
MSFT,8/3/20,216.54,78983010,211.52,217.64,210.44,32,8
MSFT,7/31/20,205.01,51247970,204.40,205.10,199.01,31,7
MSFT,7/30/20,203.90,25079600,201.00,204.46,199.57,31,7
MSFT,7/29/20,204.06,19632600,202.50,204.65,202.01,31,7
MSFT,7/28/20,202.02,23251390,203.61,204.70,201.74,31,7
MSFT,7/27/20,203.85,30160870,201.47,203.97,200.86,31,7
MSFT,7/24/20,201.30,39826990,200.42,202.86,197.51,30,7
MSFT,7/23/20,202.54,67457040,207.19,210.92,202.15,30,7
MSFT,7/22/20,211.75,49605690,209.20,212.30,208.39,30,7
MSFT,7/21/20,208.75,38105780,213.66,213.94,208.03,30,7
MSFT,7/20/20,211.60,36884840,205.00,212.30,203.01,30,7
MSFT,7/17/20,202.88,31635280,204.47,205.04,201.39,29,7
MSFT,7/16/20,203.92,29940650,205.40,205.70,202.31,29,7
MSFT,7/15/20,208.04,32179410,209.56,211.33,205.03,29,7
MSFT,7/14/20,208.35,37591820,206.13,208.85,202.03,29,7
MSFT,7/13/20,207.07,38135610,214.48,215.80,206.50,29,7
MSFT,7/10/20,213.67,26177630,213.62,214.08,211.08,28,7
MSFT,7/9/20,214.32,33121680,216.33,216.38,211.47,28,7
MSFT,7/8/20,212.83,33600030,210.07,213.26,208.69,28,7
MSFT,7/7/20,208.25,33600730,210.45,214.67,207.99,28,7
MSFT,7/6/20,210.70,31897630,208.83,211.13,208.09,28,7
MSFT,7/2/20,206.26,29315760,205.68,208.02,205.00,27,7
MSFT,7/1/20,204.70,32061210,203.14,206.35,201.77,27,7
MSFT,6/30/20,203.51,34310280,197.88,204.40,197.74,27,6
MSFT,6/29/20,198.44,26701590,195.78,198.53,193.55,27,6
MSFT,6/26/20,196.33,54675780,199.73,199.89,194.88,26,6
MSFT,6/25/20,200.34,27803930,197.80,200.61,195.47,26,6
MSFT,6/24/20,197.84,36740650,201.60,203.25,196.56,26,6
MSFT,6/23/20,201.91,30917450,202.09,203.95,201.43,26,6
MSFT,6/22/20,200.57,32818930,195.79,200.76,195.23,26,6
MSFT,6/19/20,195.15,44441140,198.59,199.29,194.37,25,6
MSFT,6/18/20,196.32,23061650,194.00,196.49,194.00,25,6
MSFT,6/17/20,194.24,25687820,195.03,196.32,193.69,25,6
MSFT,6/16/20,193.57,42556660,192.89,195.58,191.46,25,6
MSFT,6/15/20,188.94,32770190,184.58,190.82,184.01,25,6
MSFT,6/12/20,187.74,43373590,190.54,191.72,185.18,24,6
MSFT,6/11/20,186.27,52854670,193.13,195.76,186.07,24,6
MSFT,6/10/20,196.84,43872330,191.13,198.52,191.01,24,6
MSFT,6/9/20,189.80,29783920,188.00,190.70,187.26,24,6
MSFT,6/8/20,188.36,33211590,185.94,188.55,184.44,24,6
MSFT,6/5/20,187.20,39893640,182.62,187.73,182.01,23,6
MSFT,6/4/20,182.92,28761810,184.30,185.84,182.30,23,6
MSFT,6/3/20,185.36,27311020,184.82,185.94,183.58,23,6
MSFT,6/2/20,184.91,30794590,184.25,185.00,181.35,23,6
MSFT,6/1/20,182.83,22668820,182.54,183.00,181.46,23,6
MSFT,5/29/20,183.25,42146720,182.73,184.27,180.41,22,5
MSFT,5/28/20,181.40,33831820,180.74,184.15,180.38,22,5
MSFT,5/27/20,181.81,39517150,180.20,181.99,176.60,22,5
MSFT,5/26/20,181.57,36073610,186.34,186.50,181.10,22,5
MSFT,5/22/20,183.51,20826900,183.19,184.46,182.54,21,5
MSFT,5/21/20,183.43,29119510,185.40,186.67,183.29,21,5
MSFT,5/20/20,185.66,31261330,184.81,185.85,183.94,21,5
MSFT,5/19/20,183.63,26799120,185.03,186.60,183.49,21,5
MSFT,5/18/20,184.91,35306620,185.75,186.20,183.96,21,5
MSFT,5/15/20,183.16,46610380,179.06,187.06,177.00,20,5
MSFT,5/14/20,180.53,41873910,177.54,180.69,175.68,20,5
MSFT,5/13/20,179.75,44711490,182.55,184.05,176.54,20,5
MSFT,5/12/20,182.51,32038200,186.80,187.04,182.30,20,5
MSFT,5/11/20,186.74,30892660,183.15,187.51,182.85,20,5
MSFT,5/8/20,184.68,30912640,184.98,185.00,183.36,19,5
MSFT,5/7/20,183.60,28315990,184.17,184.55,182.58,19,5
MSFT,5/6/20,182.54,32139300,182.08,184.20,181.63,19,5
MSFT,5/5/20,180.76,36839170,180.62,183.65,179.90,19,5
MSFT,5/4/20,178.84,30372860,174.49,179.00,173.80,19,5
MSFT,5/1/20,174.57,39370470,175.80,178.64,174.01,18,5
MSFT,4/30/20,179.21,53875860,180.00,180.40,176.23,18,4
MSFT,4/29/20,177.43,51286560,173.22,177.68,171.88,18,4
MSFT,4/28/20,169.81,34392690,175.59,175.67,169.39,18,4
MSFT,4/27/20,174.05,33194380,176.59,176.90,173.30,18,4
MSFT,4/24/20,174.55,34305320,172.06,174.56,170.71,17,4
MSFT,4/23/20,171.42,32790800,174.11,175.06,170.91,17,4
MSFT,4/22/20,173.52,34651600,171.39,174.00,170.82,17,4
MSFT,4/21/20,167.82,56203750,173.50,173.67,166.11,17,4
MSFT,4/20/20,175.06,36669560,176.63,178.75,174.99,17,4
MSFT,4/17/20,178.60,52765630,179.50,180.00,175.87,16,4
MSFT,4/16/20,177.04,50479610,174.30,177.28,172.90,16,4
MSFT,4/15/20,171.88,40940830,171.20,173.57,169.24,16,4
MSFT,4/14/20,173.70,52874340,169.00,173.75,168.00,16,4
MSFT,4/13/20,165.51,41905260,164.35,165.57,162.30,16,4
MSFT,4/9/20,165.14,51431780,166.36,167.37,163.33,15,4
MSFT,4/8/20,165.13,48318230,165.67,166.67,163.50,15,4
MSFT,4/7/20,163.49,62769040,169.59,170.00,163.26,15,4
MSFT,4/6/20,165.27,67111700,160.32,166.50,157.58,15,4
MSFT,4/3/20,153.83,41243280,155.10,157.38,152.19,14,4
MSFT,4/2/20,155.26,49630740,151.86,155.48,150.36,14,4
MSFT,4/1/20,152.11,57969930,153.00,157.75,150.82,14,4
MSFT,3/31/20,157.71,77927190,159.40,164.78,156.56,14,3
MSFT,3/30/20,160.23,63420330,152.44,160.60,150.01,14,3
MSFT,3/27/20,149.70,57042290,151.75,154.89,149.20,13,3
MSFT,3/26/20,156.11,64694430,148.40,156.66,148.37,13,3
MSFT,3/25/20,146.92,75638220,148.91,154.33,144.44,13,3
MSFT,3/24/20,148.34,82516730,143.75,149.60,141.27,13,3
MSFT,3/23/20,135.98,78975180,137.01,140.57,132.52,13,3
MSFT,3/20/20,137.35,84866220,146.00,147.10,135.86,12,3
MSFT,3/19/20,142.71,85922660,142.77,150.15,139.00,12,3
MSFT,3/18/20,140.40,81593170,138.00,146.00,135.02,12,3
MSFT,3/17/20,146.57,81059820,140.00,147.50,135.00,12,3
MSFT,3/16/20,135.42,87905870,140.00,149.35,135.00,12,3
MSFT,3/13/20,158.83,92727450,147.50,161.91,140.73,11,3
MSFT,3/12/20,139.06,93226370,145.30,153.47,138.58,11,3
MSFT,3/11/20,153.63,56504300,157.13,157.70,151.15,11,3
MSFT,3/10/20,160.92,65354390,158.16,161.03,152.58,11,3
MSFT,3/9/20,150.62,70419270,151.00,157.75,150.00,11,3
MSFT,3/6/20,161.57,72821060,162.61,163.11,156.00,10,3
MSFT,3/5/20,166.27,47817250,166.05,170.87,165.69,10,3
MSFT,3/4/20,170.55,49814380,168.49,170.70,165.62,10,3
MSFT,3/3/20,164.51,71677020,173.80,175.00,162.26,10,3
MSFT,3/2/20,172.79,71030810,165.31,172.92,162.31,10,3
MSFT,2/28/20,162.01,97073560,152.41,163.71,152.00,9,2
MSFT,2/27/20,158.18,93174910,163.32,167.03,157.98,9,2
MSFT,2/26/20,170.17,56387150,169.71,173.26,168.21,9,2
MSFT,2/25/20,168.07,68073300,174.20,174.84,167.65,9,2
MSFT,2/24/20,170.89,68311070,167.77,174.55,163.23,9,2
MSFT,2/21/20,178.59,48600390,183.17,183.50,177.25,8,2
MSFT,2/20/20,184.42,36862380,186.95,187.25,181.10,8,2
MSFT,2/19/20,187.28,29997470,188.06,188.18,186.47,8,2
MSFT,2/18/20,187.23,27853110,185.61,187.70,185.50,8,2
MSFT,2/14/20,185.35,23149520,183.25,185.41,182.65,7,2
MSFT,2/13/20,183.71,35295830,183.08,186.23,182.87,7,2
MSFT,2/12/20,184.71,47062920,185.58,185.85,181.85,7,2
MSFT,2/11/20,184.44,53159910,190.65,190.70,183.50,7,2
MSFT,2/10/20,188.70,35844270,183.58,188.84,183.25,7,2
MSFT,2/7/20,183.89,33529070,182.85,185.63,182.48,6,2
MSFT,2/6/20,183.63,27751380,180.97,183.82,180.06,6,2
MSFT,2/5/20,179.90,39186320,184.03,184.20,178.41,6,2
MSFT,2/4/20,180.12,36433340,177.14,180.64,176.31,6,2
MSFT,2/3/20,174.38,30149050,170.43,174.50,170.40,6,2
MSFT,1/31/20,170.23,36142690,172.21,172.40,169.58,5,1
MSFT,1/30/20,172.78,51597470,174.05,174.05,170.79,5,1
MSFT,1/29/20,168.04,35127770,167.84,168.75,165.69,5,1
MSFT,1/28/20,165.46,24899940,163.78,165.76,163.07,5,1
MSFT,1/27/20,162.28,32078070,161.15,163.38,160.20,5,1
MSFT,1/24/20,165.04,24918120,167.51,167.53,164.45,4,1
MSFT,1/23/20,166.72,19680770,166.19,166.80,165.27,4,1
MSFT,1/22/20,165.70,24138780,167.40,167.49,165.68,4,1
MSFT,1/21/20,166.50,29517190,166.68,168.19,166.43,4,1
MSFT,1/17/20,167.10,34371660,167.42,167.47,165.43,3,1
MSFT,1/16/20,166.17,23865360,164.35,166.24,164.03,3,1
MSFT,1/15/20,163.18,21417870,162.62,163.94,162.57,3,1
MSFT,1/14/20,162.13,23500780,163.39,163.60,161.72,3,1
MSFT,1/13/20,163.28,21637010,161.76,163.31,161.26,3,1
MSFT,1/10/20,161.34,20733950,162.82,163.22,161.18,2,1
MSFT,1/9/20,162.09,21399950,161.84,162.22,161.03,2,1
MSFT,1/8/20,160.09,27762030,158.93,160.80,157.95,2,1
MSFT,1/7/20,157.58,21881740,159.32,159.67,157.32,2,1
MSFT,1/6/20,159.03,20826700,157.08,159.10,156.51,2,1
MSFT,1/3/20,158.62,21121680,158.32,159.95,158.06,1,1
MSFT,1/2/20,160.62,22634550,158.78,160.73,158.33,1,1
AMZN,12/31/20,3256.93,2957206,3275.00,3282.92,3241.20,53,12
AMZN,12/30/20,3285.85,3209310,3341.00,3342.10,3282.47,53,12
AMZN,12/29/20,3322.00,4872933,3309.94,3350.65,3281.22,53,12
AMZN,12/28/20,3283.96,5686787,3194.00,3304.00,3172.69,53,12
AMZN,12/24/20,3172.69,1451917,3193.90,3202.00,3169.00,52,12
AMZN,12/23/20,3185.27,2093787,3205.00,3210.13,3184.17,52,12
AMZN,12/22/20,3206.52,2381781,3202.84,3222.00,3180.08,52,12
AMZN,12/21/20,3206.18,3836846,3200.01,3226.97,3166.00,52,12
AMZN,12/18/20,3201.65,5995713,3243.99,3249.42,3171.60,51,12
AMZN,12/17/20,3236.08,3474347,3250.00,3263.51,3221.00,51,12
AMZN,12/16/20,3240.96,4427616,3176.01,3247.00,3163.68,51,12
AMZN,12/15/20,3165.12,3323686,3181.01,3188.50,3130.49,51,12
AMZN,12/14/20,3156.97,4155794,3143.00,3190.47,3126.00,51,12
AMZN,12/11/20,3116.42,3064695,3096.66,3118.67,3072.82,50,12
AMZN,12/10/20,3101.49,3030186,3088.99,3142.10,3076.00,50,12
AMZN,12/9/20,3104.20,4100836,3167.89,3174.43,3088.00,50,12
AMZN,12/8/20,3177.29,3286303,3158.90,3184.13,3120.02,50,12
AMZN,12/7/20,3158.00,2751316,3156.48,3180.76,3141.69,50,12
AMZN,12/4/20,3162.58,2913611,3198.21,3198.21,3158.76,49,12
AMZN,12/3/20,3186.73,2892039,3205.46,3228.64,3181.31,49,12
AMZN,12/2/20,3203.53,3129304,3221.65,3232.00,3173.26,49,12
AMZN,12/1/20,3220.08,4544382,3188.50,3248.95,3157.18,49,12
AMZN,11/30/20,3168.04,4063916,3208.48,3228.39,3125.55,49,11
AMZN,11/27/20,3195.34,2392867,3211.26,3216.19,3190.05,48,11
AMZN,11/25/20,3185.07,3790403,3141.87,3198.00,3140.26,48,11
AMZN,11/24/20,3118.06,3602102,3100.50,3134.25,3086.26,48,11
AMZN,11/23/20,3098.39,4708887,3116.70,3139.75,3065.46,48,11
AMZN,11/20/20,3099.40,3380138,3117.02,3132.89,3098.05,47,11
AMZN,11/19/20,3117.02,3010270,3105.31,3125.00,3080.92,47,11
AMZN,11/18/20,3105.46,2916836,3134.00,3140.00,3105.10,47,11
AMZN,11/17/20,3135.66,3444735,3183.55,3189.25,3135.26,47,11
AMZN,11/16/20,3131.06,3808676,3093.20,3142.70,3072.69,47,11
AMZN,11/13/20,3128.81,3762587,3122.00,3141.72,3085.39,46,11
AMZN,11/12/20,3110.28,4371208,3159.95,3175.88,3086.05,46,11
AMZN,11/11/20,3137.39,4366923,3061.78,3139.15,3050.00,46,11
AMZN,11/10/20,3035.02,6590956,3095.02,3114.00,3019.48,46,11
AMZN,11/9/20,3143.74,7190406,3231.03,3289.00,3112.11,46,11
AMZN,11/6/20,3311.37,4647330,3304.64,3322.00,3232.00,45,11
AMZN,11/5/20,3322.00,5789285,3319.97,3366.80,3288.88,45,11
AMZN,11/4/20,3241.16,6839041,3159.99,3244.85,3139.73,45,11
AMZN,11/3/20,3048.41,4897880,3018.53,3074.90,2980.98,45,11
AMZN,11/2/20,3004.48,7257350,3061.74,3079.71,2950.12,45,11
AMZN,10/30/20,3036.15,8396081,3157.75,3167.00,3019.00,44,10
AMZN,10/29/20,3211.01,6596529,3201.27,3257.25,3164.00,44,10
AMZN,10/28/20,3162.78,5588330,3249.30,3264.02,3162.47,44,10
AMZN,10/27/20,3286.33,4291047,3224.94,3291.66,3211.30,44,10
AMZN,10/26/20,3207.04,5901151,3198.74,3282.98,3153.30,44,10
AMZN,10/23/20,3204.40,3466687,3191.00,3205.33,3140.00,43,10
AMZN,10/22/20,3176.40,4212005,3189.87,3198.75,3121.94,43,10
AMZN,10/21/20,3184.94,4592736,3212.50,3233.88,3160.00,43,10
AMZN,10/20/20,3217.01,4509678,3222.28,3266.00,3192.01,43,10
AMZN,10/19/20,3207.21,5223626,3299.61,3329.00,3192.74,43,10
AMZN,10/16/20,3272.71,6474353,3363.23,3399.66,3160.00,42,10
AMZN,10/15/20,3338.65,5223448,3292.01,3355.88,3280.00,42,10
AMZN,10/14/20,3363.71,5828916,3447.00,3464.88,3340.00,42,10
AMZN,10/13/20,3443.63,5744697,3467.99,3492.38,3424.22,42,10
AMZN,10/12/20,3442.93,8364198,3349.94,3496.24,3339.55,42,10
AMZN,10/9/20,3286.65,4907871,3210.00,3288.99,3197.83,41,10
AMZN,10/8/20,3190.55,3174114,3224.99,3233.29,3174.99,41,10
AMZN,10/7/20,3195.69,4309439,3135.00,3200.00,3132.39,41,10
AMZN,10/6/20,3099.96,5086857,3165.00,3182.00,3090.00,41,10
AMZN,10/5/20,3199.20,3775332,3145.84,3202.53,3140.85,41,10
AMZN,10/2/20,3125.00,5613098,3153.63,3195.80,3123.00,40,10
AMZN,10/1/20,3221.26,4971922,3208.00,3224.00,3172.00,40,10
AMZN,9/30/20,3148.73,4896101,3141.14,3212.88,3133.99,40,9
AMZN,9/29/20,3144.88,3503398,3175.39,3188.26,3132.54,40,9
AMZN,9/28/20,3174.05,4224165,3148.85,3175.04,3117.17,40,9
AMZN,9/25/20,3095.13,4615202,3054.86,3101.54,2999.00,39,9
AMZN,9/24/20,3019.79,5529392,2977.79,3069.30,2965.00,39,9
AMZN,9/23/20,2999.86,5652665,3120.43,3127.00,2992.38,39,9
AMZN,9/22/20,3128.99,6948816,3033.84,3133.99,3000.20,39,9
AMZN,9/21/20,2960.47,6117925,2906.50,2962.00,2871.00,39,9
AMZN,9/18/20,2954.91,8892580,3031.74,3037.80,2905.54,38,9
AMZN,9/17/20,3008.73,6449050,3009.25,3029.43,2972.55,38,9
AMZN,9/16/20,3078.10,4531189,3179.99,3187.24,3074.15,38,9
AMZN,9/15/20,3156.13,4021535,3136.16,3175.02,3108.92,38,9
AMZN,9/14/20,3102.97,4529596,3172.94,3187.39,3096.00,38,9
AMZN,9/11/20,3116.22,5093982,3208.69,3217.34,3083.98,37,9
AMZN,9/10/20,3175.11,5330741,3307.22,3349.89,3170.55,37,9
AMZN,9/9/20,3268.61,5188675,3202.99,3303.18,3185.00,37,9
AMZN,9/8/20,3149.84,6094205,3144.00,3250.85,3130.00,37,9
AMZN,9/4/20,3294.62,8781754,3318.00,3381.50,3111.13,36,9
AMZN,9/3/20,3368.00,8161113,3485.00,3488.41,3303.00,36,9
AMZN,9/2/20,3531.45,3931476,3547.00,3552.25,3486.69,36,9
AMZN,9/1/20,3499.12,3476407,3489.58,3513.87,3467.00,36,9
AMZN,8/31/20,3450.96,4185885,3408.99,3495.00,3405.00,36,8
AMZN,8/28/20,3401.80,2896978,3423.00,3433.37,3386.50,35,8
AMZN,8/27/20,3400.00,4264795,3450.05,3453.00,3378.00,35,8
AMZN,8/26/20,3441.85,6508743,3351.11,3451.74,3344.57,35,8
AMZN,8/25/20,3346.49,3992842,3294.99,3357.40,3267.00,35,8
AMZN,8/24/20,3307.46,4666258,3310.15,3380.32,3257.56,35,8
AMZN,8/21/20,3284.72,3575862,3295.00,3314.40,3275.39,34,8
AMZN,8/20/20,3297.37,3332478,3252.00,3312.62,3238.00,34,8
AMZN,8/19/20,3260.48,4185137,3303.01,3315.90,3256.00,34,8
AMZN,8/18/20,3312.49,5345974,3212.00,3320.00,3205.82,34,8
AMZN,8/17/20,3182.41,2691237,3173.12,3194.97,3154.18,34,8
AMZN,8/14/20,3148.02,2751723,3178.18,3178.24,3120.00,33,8
AMZN,8/13/20,3161.02,3149043,3182.99,3217.52,3155.00,33,8
AMZN,8/12/20,3162.24,3527229,3108.00,3174.39,3101.42,33,8
AMZN,8/11/20,3080.67,3718057,3113.20,3159.22,3073.00,33,8
AMZN,8/10/20,3148.16,3167274,3170.31,3172.51,3101.52,33,8
AMZN,8/7/20,3167.46,3936127,3224.01,3240.81,3140.67,32,8
AMZN,8/6/20,3225.00,3940602,3194.36,3247.47,3165.43,32,8
AMZN,8/5/20,3205.03,3930025,3143.77,3213.59,3127.30,32,8
AMZN,8/4/20,3138.83,4694294,3101.21,3167.24,3101.21,32,8
AMZN,8/3/20,3111.89,5074663,3180.51,3184.00,3104.00,32,8
AMZN,7/31/20,3164.68,8083369,3244.00,3246.82,3151.00,31,7
AMZN,7/30/20,3051.88,6128265,3014.00,3092.00,3005.00,31,7
AMZN,7/29/20,3033.53,2974060,3030.99,3039.16,2996.77,31,7
AMZN,7/28/20,3000.33,3126651,3054.27,3077.09,2995.76,31,7
AMZN,7/27/20,3055.21,4170492,3062.00,3098.00,3015.77,31,7
AMZN,7/24/20,3008.91,5632413,2930.00,3031.58,2888.00,30,7
AMZN,7/23/20,2986.55,5656906,3098.27,3098.27,2970.00,30,7
AMZN,7/22/20,3099.91,4104225,3125.00,3150.00,3065.26,30,7
AMZN,7/21/20,3138.29,6134965,3232.49,3240.58,3105.72,30,7
AMZN,7/20/20,3196.84,7598176,3000.20,3201.36,2994.02,30,7
AMZN,7/17/20,2961.97,4761319,3009.00,3024.00,2948.45,29,7
AMZN,7/16/20,2999.90,6394246,2971.06,3032.00,2918.23,29,7
AMZN,7/15/20,3008.87,5788874,3080.23,3098.35,2973.18,29,7
AMZN,7/14/20,3084.00,7231933,3089.00,3127.38,2950.00,29,7
AMZN,7/13/20,3104.00,7720420,3251.06,3344.29,3068.39,29,7
AMZN,7/10/20,3200.00,5485982,3191.76,3215.00,3135.70,28,7
AMZN,7/9/20,3182.63,6388659,3115.99,3193.88,3074.00,28,7
AMZN,7/8/20,3081.11,5037635,3022.61,3083.97,3012.43,28,7
AMZN,7/7/20,3000.12,5257514,3058.55,3069.55,2990.00,28,7
AMZN,7/6/20,3057.04,6880642,2934.97,3059.88,2930.00,28,7
AMZN,7/2/20,2890.30,6593387,2912.01,2955.56,2871.10,27,7
AMZN,7/1/20,2878.70,6363439,2757.99,2895.00,2754.00,27,7
AMZN,6/30/20,2758.82,3769686,2685.07,2769.63,2675.03,27,6
AMZN,6/29/20,2680.38,4223422,2690.01,2696.80,2630.08,27,6
AMZN,6/26/20,2692.87,6500784,2775.06,2782.57,2688.00,26,6
AMZN,6/25/20,2754.58,2968657,2739.55,2756.23,2712.14,26,6
AMZN,6/24/20,2734.40,4526605,2780.00,2796.00,2721.00,26,6
AMZN,6/23/20,2764.41,4231707,2726.02,2783.11,2718.04,26,6
AMZN,6/22/20,2713.82,3208780,2684.50,2715.00,2669.00,26,6
AMZN,6/19/20,2675.01,5776963,2678.08,2697.43,2659.00,25,6
AMZN,6/18/20,2653.98,2487774,2647.01,2659.64,2636.11,25,6
AMZN,6/17/20,2640.98,2959316,2647.50,2655.00,2631.82,25,6
AMZN,6/16/20,2615.27,3595649,2620.00,2620.00,2576.00,25,6
AMZN,6/15/20,2572.68,3873335,2526.60,2584.00,2508.00,25,6
AMZN,6/12/20,2545.02,5436127,2601.21,2621.48,2503.35,24,6
AMZN,6/11/20,2557.96,5800107,2603.50,2671.38,2536.23,24,6
AMZN,6/10/20,2647.45,4946031,2645.00,2722.35,2626.26,24,6
AMZN,6/9/20,2600.86,5175950,2529.44,2626.43,2525.00,24,6
AMZN,6/8/20,2524.06,3970654,2500.20,2530.00,2487.34,24,6
AMZN,6/5/20,2483.00,3306445,2444.51,2488.65,2437.13,23,6
AMZN,6/4/20,2460.60,2948710,2477.43,2507.54,2450.01,23,6
AMZN,6/3/20,2478.40,2671024,2468.01,2488.00,2461.17,23,6
AMZN,6/2/20,2472.41,2529903,2467.00,2473.53,2445.31,23,6
AMZN,6/1/20,2471.04,2938032,2448.00,2476.93,2444.17,23,6
AMZN,5/29/20,2442.37,3529329,2415.94,2442.37,2398.20,22,5
AMZN,5/28/20,2401.10,3193136,2384.33,2436.97,2378.23,22,5
AMZN,5/27/20,2410.39,5056945,2404.99,2413.58,2330.00,22,5
AMZN,5/26/20,2421.86,3568153,2458.00,2462.00,2414.06,22,5
AMZN,5/22/20,2436.88,2867079,2455.01,2469.85,2430.13,21,5
AMZN,5/21/20,2446.74,5114403,2500.00,2525.45,2442.54,21,5
AMZN,5/20/20,2497.94,3998143,2477.87,2500.01,2467.27,21,5
AMZN,5/19/20,2449.33,4320498,2429.83,2485.00,2428.97,21,5
AMZN,5/18/20,2426.26,4366572,2404.35,2433.00,2384.01,21,5
AMZN,5/15/20,2409.78,4234951,2368.52,2411.00,2356.37,20,5
AMZN,5/14/20,2388.85,3648128,2361.01,2391.37,2353.21,20,5
AMZN,5/13/20,2367.92,4782919,2366.80,2407.70,2337.81,20,5
AMZN,5/12/20,2356.95,3074916,2411.85,2419.00,2355.00,20,5
AMZN,5/11/20,2409.00,3259231,2374.70,2419.67,2372.11,20,5
AMZN,5/8/20,2379.61,3211228,2372.14,2387.24,2357.00,19,5
AMZN,5/7/20,2367.61,3396411,2374.78,2376.00,2343.11,19,5
AMZN,5/6/20,2351.26,3117814,2329.44,2357.45,2320.00,19,5
AMZN,5/5/20,2317.80,3242496,2340.00,2351.00,2307.13,19,5
AMZN,5/4/20,2315.99,4865926,2256.38,2326.98,2256.38,19,5
AMZN,5/1/20,2286.04,9772605,2336.80,2362.44,2258.19,18,5
AMZN,4/30/20,2474.00,9534611,2419.84,2475.00,2396.01,18,4
AMZN,4/29/20,2372.71,4591593,2330.01,2391.89,2310.00,18,4
AMZN,4/28/20,2314.08,5269446,2372.10,2373.50,2306.00,18,4
AMZN,4/27/20,2376.00,5645645,2443.20,2444.88,2363.00,18,4
AMZN,4/24/20,2410.22,3831797,2417.00,2420.43,2382.00,17,4
AMZN,4/23/20,2399.45,5066552,2399.98,2424.22,2382.08,17,4
AMZN,4/22/20,2363.49,4218295,2369.00,2394.00,2351.00,17,4
AMZN,4/21/20,2328.12,7476679,2416.61,2428.31,2279.66,17,4
AMZN,4/20/20,2393.61,5770694,2389.95,2444.98,2386.05,17,4
AMZN,4/17/20,2375.00,7930010,2372.33,2400.00,2316.02,16,4
AMZN,4/16/20,2408.19,12038200,2346.00,2461.00,2335.00,16,4
AMZN,4/15/20,2307.68,6866567,2257.68,2333.37,2245.00,16,4
AMZN,4/14/20,2283.32,8087193,2200.47,2292.00,2186.21,16,4
AMZN,4/13/20,2168.87,6716709,2040.00,2180.00,2038.00,16,4
AMZN,4/9/20,2042.76,4655617,2044.30,2053.00,2017.66,15,4
AMZN,4/8/20,2043.00,3977313,2021.00,2044.00,2011.15,15,4
AMZN,4/7/20,2011.60,5113983,2017.11,2035.72,1997.62,15,4
AMZN,4/6/20,1997.59,5773181,1936.00,1998.52,1930.02,15,4
AMZN,4/3/20,1906.59,3609870,1911.15,1926.33,1889.15,14,4
AMZN,4/2/20,1918.83,4335985,1901.64,1927.53,1890.00,14,4
AMZN,4/1/20,1907.70,4121875,1932.97,1944.96,1893.00,14,4
AMZN,3/31/20,1949.72,5123626,1964.35,1993.02,1944.01,14,3
AMZN,3/30/20,1963.95,6126087,1922.83,1973.63,1912.34,14,3
AMZN,3/27/20,1900.10,5387897,1930.86,1939.79,1899.92,13,3
AMZN,3/26/20,1955.49,6235118,1902.00,1956.49,1889.29,13,3
AMZN,3/25/20,1885.84,6479073,1920.69,1950.26,1885.78,13,3
AMZN,3/24/20,1940.10,7147080,1951.50,1955.00,1900.34,13,3
AMZN,3/23/20,1902.83,7808489,1827.75,1919.40,1812.00,13,3
AMZN,3/20/20,1846.09,9817850,1926.31,1957.00,1820.73,12,3
AMZN,3/19/20,1880.93,10399940,1860.00,1945.00,1832.65,12,3
AMZN,3/18/20,1830.00,9645218,1750.00,1841.66,1745.00,12,3
AMZN,3/17/20,1807.84,10917130,1775.47,1857.78,1689.24,12,3
AMZN,3/16/20,1689.15,8917265,1641.51,1759.45,1626.03,12,3
AMZN,3/13/20,1785.00,8809725,1755.00,1786.31,1680.62,11,3
AMZN,3/12/20,1676.61,11346210,1721.98,1765.00,1675.00,11,3
AMZN,3/11/20,1820.86,5646831,1857.85,1871.32,1801.50,11,3
AMZN,3/10/20,1891.82,7133310,1870.88,1894.27,1818.17,11,3
AMZN,3/9/20,1800.61,7813232,1773.86,1862.77,1761.29,11,3
AMZN,3/6/20,1901.09,5273580,1875.00,1910.87,1869.50,10,3
AMZN,3/5/20,1924.03,4748210,1933.00,1960.72,1910.00,10,3
AMZN,3/4/20,1975.83,4772919,1946.57,1978.00,1922.00,10,3
AMZN,3/3/20,1908.99,7534491,1975.37,1996.33,1888.09,10,3
AMZN,3/2/20,1953.95,6761651,1906.49,1954.51,1870.00,10,3
AMZN,2/28/20,1883.75,9493797,1814.63,1889.76,1811.13,9,2
AMZN,2/27/20,1884.30,8143993,1934.38,1975.00,1882.76,9,2
AMZN,2/26/20,1979.59,5240402,1970.28,2014.67,1960.45,9,2
AMZN,2/25/20,1972.74,6219094,2026.42,2034.60,1958.42,9,2
AMZN,2/24/20,2009.29,6546997,2003.18,2039.30,1987.97,9,2
AMZN,2/21/20,2095.97,4650740,2142.15,2144.55,2088.00,8,2
AMZN,2/20/20,2153.10,3131342,2173.07,2176.79,2127.45,8,2
AMZN,2/19/20,2170.22,2561165,2167.80,2185.10,2161.12,8,2
AMZN,2/18/20,2155.67,2951070,2125.02,2166.07,2124.11,8,2
AMZN,2/14/20,2134.87,2606169,2155.68,2159.04,2125.89,7,2
AMZN,2/13/20,2149.87,3031791,2144.99,2170.28,2142.00,7,2
AMZN,2/12/20,2160.00,3334264,2163.20,2180.25,2155.29,7,2
AMZN,2/11/20,2150.80,5746011,2150.90,2185.95,2136.00,7,2
AMZN,2/10/20,2133.91,5056235,2085.01,2135.60,2084.96,7,2
AMZN,2/7/20,2079.28,5095347,2041.99,2098.53,2038.10,6,2
AMZN,2/6/20,2050.23,3182954,2041.02,2056.30,2024.80,6,2
AMZN,2/5/20,2039.87,4376174,2071.02,2071.02,2032.00,6,2
AMZN,2/4/20,2049.67,5289338,2029.88,2059.80,2015.37,6,2
AMZN,2/3/20,2004.20,5899094,2010.60,2048.50,2000.25,6,2
AMZN,1/31/20,2008.72,15567280,2051.47,2055.72,2002.27,5,1
AMZN,1/30/20,1870.68,6327438,1858.00,1872.87,1850.61,5,1
AMZN,1/29/20,1858.00,2101390,1864.00,1874.75,1855.02,5,1
AMZN,1/28/20,1853.25,2808040,1840.50,1858.11,1830.02,5,1
AMZN,1/27/20,1828.34,3528509,1820.00,1841.00,1815.34,5,1
AMZN,1/24/20,1861.64,3766181,1891.37,1894.99,1847.44,4,1
AMZN,1/23/20,1884.58,2484613,1885.11,1889.98,1872.76,4,1
AMZN,1/22/20,1887.46,3216257,1896.09,1902.50,1883.34,4,1
AMZN,1/21/20,1892.00,3707785,1865.00,1894.27,1860.00,4,1
AMZN,1/17/20,1864.72,3997340,1885.89,1886.64,1857.25,3,1
AMZN,1/16/20,1877.94,2659493,1882.99,1885.59,1866.02,3,1
AMZN,1/15/20,1862.02,2896592,1872.25,1878.86,1855.09,3,1
AMZN,1/14/20,1869.44,3446381,1885.88,1887.11,1858.55,3,1
AMZN,1/13/20,1891.30,2785844,1891.31,1898.00,1880.80,3,1
AMZN,1/10/20,1883.16,2856959,1905.37,1906.94,1880.00,2,1
AMZN,1/9/20,1901.05,3174962,1909.89,1917.82,1895.80,2,1
AMZN,1/8/20,1891.97,3511966,1898.04,1911.00,1886.44,2,1
AMZN,1/7/20,1906.86,4134010,1904.50,1913.89,1892.04,2,1
AMZN,1/6/20,1902.88,4065698,1860.00,1903.69,1860.00,2,1
AMZN,1/3/20,1874.97,3766604,1864.50,1886.20,1864.50,1,1
AMZN,1/2/20,1898.01,4035910,1875.00,1898.01,1864.15,1,1
GOOG,12/31/20,1751.88,1012240,1735.42,1758.93,1735.42,53,12
GOOG,12/30/20,1739.52,1306130,1762.01,1765.10,1725.60,53,12
GOOG,12/29/20,1758.72,1299395,1787.79,1792.44,1756.09,53,12
GOOG,12/28/20,1776.09,1393033,1751.64,1790.73,1746.34,53,12
GOOG,12/24/20,1738.85,346753,1735.00,1746.00,1729.11,52,12
GOOG,12/23/20,1732.38,1033917,1728.11,1747.99,1725.04,52,12
GOOG,12/22/20,1723.50,938346,1734.43,1737.41,1712.58,52,12
GOOG,12/21/20,1739.37,1828378,1713.51,1740.85,1699.00,52,12
GOOG,12/18/20,1731.01,4016353,1754.18,1755.11,1720.22,51,12
GOOG,12/17/20,1747.90,1624744,1768.51,1771.78,1738.66,51,12
GOOG,12/16/20,1763.00,1513543,1772.88,1773.00,1756.08,51,12
GOOG,12/15/20,1767.77,1482261,1764.42,1771.42,1749.95,51,12
GOOG,12/14/20,1760.06,1600173,1775.00,1797.39,1757.22,51,12
GOOG,12/11/20,1781.77,1220651,1763.06,1784.45,1760.00,50,12
GOOG,12/10/20,1775.33,1362848,1769.80,1781.31,1740.32,50,12
GOOG,12/9/20,1784.13,1507558,1812.01,1834.27,1767.81,50,12
GOOG,12/8/20,1818.55,1096319,1810.10,1821.90,1796.20,50,12
GOOG,12/7/20,1819.48,1320946,1819.00,1832.37,1805.78,50,12
GOOG,12/4/20,1827.99,1378166,1824.52,1833.16,1816.99,49,12
GOOG,12/3/20,1826.77,1227298,1824.01,1847.20,1822.65,49,12
GOOG,12/2/20,1827.95,1222032,1798.10,1835.65,1789.47,49,12
GOOG,12/1/20,1798.10,1739045,1774.37,1824.83,1769.37,49,12
GOOG,11/30/20,1760.74,1823836,1781.18,1788.07,1755.00,49,11
GOOG,11/27/20,1793.19,884916,1773.09,1804.00,1772.44,48,11
GOOG,11/25/20,1771.43,1046122,1772.89,1778.54,1756.54,48,11
GOOG,11/24/20,1768.88,1579703,1730.50,1771.60,1727.69,48,11
GOOG,11/23/20,1734.86,2161975,1749.60,1753.90,1717.72,48,11
GOOG,11/20/20,1742.19,2313655,1765.21,1774.00,1741.86,47,11
GOOG,11/19/20,1763.92,1249910,1738.38,1769.59,1737.01,47,11
GOOG,11/18/20,1746.78,1173466,1765.23,1773.47,1746.14,47,11
GOOG,11/17/20,1770.15,1147114,1776.94,1785.00,1767.00,47,11
GOOG,11/16/20,1781.38,1246785,1771.70,1799.07,1767.69,47,11
GOOG,11/13/20,1777.02,1500574,1757.63,1781.04,1744.55,46,11
GOOG,11/12/20,1749.84,1248754,1747.63,1768.27,1745.60,46,11
GOOG,11/11/20,1752.71,1263966,1750.00,1764.22,1747.37,46,11
GOOG,11/10/20,1740.39,2636142,1731.09,1763.00,1717.30,46,11
GOOG,11/9/20,1763.00,2268270,1790.90,1818.06,1760.02,46,11
GOOG,11/6/20,1761.75,1661225,1753.95,1772.43,1740.35,45,11
GOOG,11/5/20,1763.37,2065812,1781.00,1793.64,1750.51,45,11
GOOG,11/4/20,1749.13,3570927,1710.28,1771.37,1706.03,45,11
GOOG,11/3/20,1650.21,1661653,1631.78,1661.70,1616.62,45,11
GOOG,11/2/20,1626.03,2535446,1628.16,1660.77,1616.03,45,11
GOOG,10/30/20,1621.01,4330862,1672.11,1687.00,1604.46,44,10
GOOG,10/29/20,1567.24,2003064,1522.36,1593.71,1522.24,44,10
GOOG,10/28/20,1516.62,1833959,1559.74,1561.35,1514.62,44,10
GOOG,10/27/20,1604.26,1229002,1595.67,1606.85,1582.78,44,10
GOOG,10/26/20,1590.45,1853254,1625.01,1638.24,1576.50,44,10
GOOG,10/23/20,1641.00,1375844,1626.07,1642.36,1620.51,43,10
GOOG,10/22/20,1615.33,1434042,1593.05,1621.99,1585.00,43,10
GOOG,10/21/20,1593.31,2568345,1573.33,1618.73,1571.63,43,10
GOOG,10/20/20,1555.93,2242572,1527.05,1577.50,1525.67,43,10
GOOG,10/19/20,1534.61,1607075,1580.46,1588.15,1528.00,43,10
GOOG,10/16/20,1573.01,1435137,1565.85,1581.13,1563.00,42,10
GOOG,10/15/20,1559.13,1540817,1547.15,1575.11,1545.03,42,10
GOOG,10/14/20,1568.08,1930990,1578.59,1587.68,1550.53,42,10
GOOG,10/13/20,1571.68,1601043,1583.73,1590.00,1563.20,42,10
GOOG,10/12/20,1569.15,2482560,1543.00,1593.86,1532.57,42,10
GOOG,10/9/20,1515.22,1435542,1494.70,1516.52,1489.45,41,10
GOOG,10/8/20,1485.93,1187831,1465.09,1490.00,1465.09,41,10
GOOG,10/7/20,1460.29,1746156,1464.29,1468.96,1436.00,41,10
GOOG,10/6/20,1453.44,1245423,1475.58,1486.76,1448.59,41,10
GOOG,10/5/20,1486.02,1113257,1466.21,1488.21,1464.27,41,10
GOOG,10/2/20,1458.42,1284071,1462.03,1483.20,1450.92,40,10
GOOG,10/1/20,1490.09,1779497,1484.27,1499.04,1479.21,40,10
GOOG,9/30/20,1469.60,1701608,1466.80,1489.75,1459.88,40,9
GOOG,9/29/20,1469.33,979102,1470.39,1476.66,1458.81,40,9
GOOG,9/28/20,1464.52,2007941,1474.21,1476.80,1449.30,40,9
GOOG,9/25/20,1444.96,1323375,1432.63,1450.00,1413.34,39,9
GOOG,9/24/20,1428.29,1450216,1411.03,1443.71,1409.85,39,9
GOOG,9/23/20,1415.21,1657350,1458.78,1460.96,1407.70,39,9
GOOG,9/22/20,1465.46,1583201,1450.09,1469.52,1434.53,39,9
GOOG,9/21/20,1431.16,2888827,1440.06,1448.36,1406.55,39,9
GOOG,9/18/20,1459.99,3103882,1498.01,1503.00,1437.13,38,9
GOOG,9/17/20,1495.53,1879751,1496.00,1508.30,1470.00,38,9
GOOG,9/16/20,1520.90,1312299,1555.54,1562.00,1519.82,38,9
GOOG,9/15/20,1541.44,1331082,1536.00,1559.57,1531.84,38,9
GOOG,9/14/20,1519.28,1696589,1539.01,1564.00,1515.74,38,9
GOOG,9/11/20,1520.72,1597087,1536.00,1575.20,1497.36,37,9
GOOG,9/10/20,1532.02,1618557,1560.64,1584.08,1525.81,37,9
GOOG,9/9/20,1556.96,1774704,1557.53,1569.00,1536.05,37,9
GOOG,9/8/20,1532.39,2610884,1533.51,1563.87,1528.01,37,9
GOOG,9/4/20,1591.04,2608568,1624.26,1645.11,1547.61,36,9
GOOG,9/3/20,1641.84,3107763,1709.71,1709.71,1615.06,36,9
GOOG,9/2/20,1728.28,2511180,1673.78,1733.18,1666.33,36,9
GOOG,9/1/20,1660.71,1826655,1636.63,1665.73,1632.22,36,9
GOOG,8/31/20,1634.18,1823406,1647.89,1647.97,1630.31,36,8
GOOG,8/28/20,1644.41,1499782,1633.49,1647.17,1630.75,35,8
GOOG,8/27/20,1634.33,1861602,1653.68,1655.00,1625.75,35,8
GOOG,8/26/20,1652.38,3581072,1608.00,1659.22,1603.60,35,8
GOOG,8/25/20,1608.22,2132084,1582.07,1611.62,1582.07,35,8
GOOG,8/24/20,1588.20,1410229,1593.98,1614.17,1580.57,35,8
GOOG,8/21/20,1580.42,1446453,1577.03,1597.72,1568.01,34,8
GOOG,8/20/20,1581.75,1706877,1543.45,1585.87,1538.20,34,8
GOOG,8/19/20,1547.53,1660611,1553.31,1573.68,1543.95,34,8
GOOG,8/18/20,1558.60,2027086,1526.18,1562.47,1523.71,34,8
GOOG,8/17/20,1517.98,1378600,1514.67,1525.61,1507.97,34,8
GOOG,8/14/20,1507.73,1355200,1515.66,1521.90,1502.88,33,8
GOOG,8/13/20,1518.45,1455208,1510.34,1537.25,1508.01,33,8
GOOG,8/12/20,1506.62,1437655,1485.58,1512.39,1485.25,33,8
GOOG,8/11/20,1480.32,1454365,1492.44,1510.00,1478.00,33,8
GOOG,8/10/20,1496.10,1289530,1487.18,1504.08,1473.08,33,8
GOOG,8/7/20,1494.49,1577826,1500.00,1516.85,1481.64,32,8
GOOG,8/6/20,1500.10,1995368,1471.75,1502.39,1466.00,32,8
GOOG,8/5/20,1473.61,1979957,1469.30,1482.41,1463.46,32,8
GOOG,8/4/20,1464.97,1903489,1476.57,1485.56,1458.65,32,8
GOOG,8/3/20,1474.45,2331514,1486.64,1490.47,1465.64,32,8
GOOG,7/31/20,1482.96,3429036,1505.01,1508.95,1454.03,31,7
GOOG,7/30/20,1531.45,1671396,1497.00,1537.87,1492.22,31,7
GOOG,7/29/20,1522.02,1106534,1506.32,1531.25,1501.33,31,7
GOOG,7/28/20,1500.34,1702174,1525.18,1526.48,1497.66,31,7
GOOG,7/27/20,1530.20,1245980,1515.60,1540.97,1515.21,31,7
GOOG,7/24/20,1511.87,1544404,1498.93,1517.64,1488.40,30,7
GOOG,7/23/20,1515.68,1627634,1566.97,1571.87,1507.39,30,7
GOOG,7/22/20,1568.49,931985,1560.50,1570.00,1546.10,30,7
GOOG,7/21/20,1558.42,1218645,1586.99,1586.99,1554.28,30,7
GOOG,7/20/20,1565.72,1557252,1515.26,1570.29,1503.60,30,7
GOOG,7/17/20,1515.55,1457010,1521.62,1523.44,1498.42,29,7
GOOG,7/16/20,1518.00,1519345,1500.00,1518.69,1486.31,29,7
GOOG,7/15/20,1513.64,1610684,1523.13,1535.33,1498.00,29,7
GOOG,7/14/20,1520.58,1585016,1490.31,1522.95,1483.50,29,7
GOOG,7/13/20,1511.34,1846424,1550.00,1577.13,1505.24,29,7
GOOG,7/10/20,1541.74,1856704,1506.15,1543.83,1496.54,28,7
GOOG,7/9/20,1510.99,1423322,1506.45,1522.72,1488.09,28,7
GOOG,7/8/20,1496.00,1249658,1494.32,1505.88,1485.63,28,7
GOOG,7/7/20,1485.18,1458172,1490.00,1516.80,1483.55,28,7
GOOG,7/6/20,1495.70,1563997,1480.06,1506.59,1472.86,28,7
GOOG,7/2/20,1464.70,1859480,1446.94,1482.95,1446.42,27,7
GOOG,7/1/20,1438.04,1775167,1411.10,1443.00,1409.82,27,7
GOOG,6/30/20,1413.61,2042381,1390.44,1418.65,1383.96,27,6
GOOG,6/29/20,1394.97,1810180,1358.18,1395.60,1347.01,27,6
GOOG,6/26/20,1359.90,4267698,1431.39,1433.45,1351.99,26,6
GOOG,6/25/20,1441.33,1230474,1429.90,1442.90,1420.00,26,6
GOOG,6/24/20,1431.97,1756022,1461.51,1475.42,1429.75,26,6
GOOG,6/23/20,1464.41,1429764,1455.64,1475.94,1445.24,26,6
GOOG,6/22/20,1451.86,1542440,1429.00,1452.75,1423.21,26,6
GOOG,6/19/20,1431.72,3157875,1444.00,1447.80,1421.35,25,6
GOOG,6/18/20,1435.96,1581916,1449.16,1451.41,1427.01,25,6
GOOG,6/17/20,1451.12,1549615,1447.16,1460.00,1431.38,25,6
GOOG,6/16/20,1442.72,1711614,1445.22,1455.02,1425.90,25,6
GOOG,6/15/20,1419.85,1506096,1390.80,1424.80,1387.92,25,6
GOOG,6/12/20,1413.18,1946367,1428.49,1437.00,1386.02,24,6
GOOG,6/11/20,1403.84,1991332,1442.48,1454.48,1402.00,24,6
GOOG,6/10/20,1465.85,1525153,1459.54,1474.26,1456.27,24,6
GOOG,6/9/20,1456.16,1409249,1445.36,1468.00,1443.21,24,6
GOOG,6/8/20,1446.61,1404178,1422.34,1447.99,1422.34,24,6
GOOG,6/5/20,1438.39,1735244,1413.17,1445.05,1406.00,23,6
GOOG,6/4/20,1412.18,1484272,1430.40,1438.96,1404.73,23,6
GOOG,6/3/20,1436.38,1256186,1438.30,1446.55,1429.78,23,6
GOOG,6/2/20,1439.22,1278128,1430.55,1439.61,1418.83,23,6
GOOG,6/1/20,1431.82,1217140,1418.39,1437.96,1418.00,23,6
GOOG,5/29/20,1428.92,1838059,1416.94,1432.57,1413.35,22,5
GOOG,5/28/20,1416.73,1693976,1396.86,1440.84,1396.00,22,5
GOOG,5/27/20,1417.84,1686142,1417.25,1421.74,1391.29,22,5
GOOG,5/26/20,1417.02,2060643,1437.27,1441.00,1412.13,22,5
GOOG,5/22/20,1410.42,1309408,1396.71,1412.76,1391.83,21,5
GOOG,5/21/20,1402.80,1385194,1408.00,1415.49,1393.45,21,5
GOOG,5/20/20,1406.72,1655375,1389.58,1410.42,1387.25,21,5
GOOG,5/19/20,1373.49,1280649,1387.00,1392.00,1373.49,21,5
GOOG,5/18/20,1383.94,1823964,1361.75,1392.33,1354.25,21,5
GOOG,5/15/20,1373.19,1707747,1350.00,1374.48,1339.00,20,5
GOOG,5/14/20,1356.13,1603077,1335.02,1357.42,1323.91,20,5
GOOG,5/13/20,1349.33,1812585,1377.05,1385.48,1328.40,20,5
GOOG,5/12/20,1375.74,1390600,1407.12,1415.00,1374.77,20,5
GOOG,5/11/20,1403.26,1412116,1378.28,1416.53,1377.15,20,5
GOOG,5/8/20,1388.37,1388068,1383.13,1398.76,1375.48,19,5
GOOG,5/7/20,1372.56,1399759,1365.94,1377.60,1355.27,19,5
GOOG,5/6/20,1347.30,1215423,1361.69,1371.12,1347.29,19,5
GOOG,5/5/20,1351.11,1651533,1337.92,1373.94,1337.46,19,5
GOOG,5/4/20,1326.80,1504017,1308.23,1327.66,1299.00,19,5
GOOG,5/1/20,1320.61,2072639,1328.50,1352.07,1311.00,18,5
GOOG,4/30/20,1348.66,2668906,1324.88,1352.82,1322.49,18,4
GOOG,4/29/20,1341.48,3793624,1341.46,1359.99,1325.34,18,4
GOOG,4/28/20,1233.67,2951309,1287.93,1288.05,1232.20,18,4
GOOG,4/27/20,1275.88,1600563,1296.00,1296.15,1269.00,18,4
GOOG,4/24/20,1279.31,1640394,1261.17,1280.40,1249.45,17,4
GOOG,4/23/20,1276.31,1566203,1271.55,1293.31,1265.67,17,4
GOOG,4/22/20,1263.21,2093140,1245.54,1285.61,1242.00,17,4
GOOG,4/21/20,1216.34,2153003,1247.00,1254.27,1209.71,17,4
GOOG,4/20/20,1266.61,1695488,1271.00,1281.60,1261.37,17,4
GOOG,4/17/20,1283.25,1949042,1284.85,1294.43,1271.23,16,4
GOOG,4/16/20,1263.47,2518099,1274.10,1279.00,1242.62,16,4
GOOG,4/15/20,1262.47,1671703,1245.61,1280.46,1240.40,16,4
GOOG,4/14/20,1269.23,2470353,1245.09,1282.07,1236.93,16,4
GOOG,4/13/20,1217.56,1739828,1209.18,1220.51,1187.60,16,4
GOOG,4/9/20,1211.45,2175421,1224.08,1225.57,1196.74,15,4
GOOG,4/8/20,1210.28,1975135,1206.50,1219.07,1188.16,15,4
GOOG,4/7/20,1186.51,2387329,1221.00,1225.00,1182.23,15,4
GOOG,4/6/20,1186.92,2664723,1138.00,1194.66,1130.94,15,4
GOOG,4/3/20,1097.88,2313400,1119.02,1123.54,1079.81,14,4
GOOG,4/2/20,1120.84,1964881,1098.26,1126.86,1096.40,14,4
GOOG,4/1/20,1105.62,2344173,1122.00,1129.69,1097.45,14,4
GOOG,3/31/20,1162.81,2487983,1147.30,1175.31,1138.14,14,3
GOOG,3/30/20,1146.82,2574061,1125.04,1151.63,1096.48,14,3
GOOG,3/27/20,1110.71,3208495,1125.67,1150.67,1105.91,13,3
GOOG,3/26/20,1161.75,3573755,1111.80,1169.97,1093.53,13,3
GOOG,3/25/20,1102.49,4081528,1126.47,1148.90,1086.01,13,3
GOOG,3/24/20,1134.46,3344450,1103.77,1135.00,1090.62,13,3
GOOG,3/23/20,1056.62,4044137,1061.32,1071.32,1013.54,13,3
GOOG,3/20/20,1072.32,3601750,1135.72,1143.99,1065.49,12,3
GOOG,3/19/20,1115.29,3651106,1093.05,1157.97,1060.11,12,3
GOOG,3/18/20,1096.80,4233435,1056.51,1106.50,1037.28,12,3
GOOG,3/17/20,1119.80,3861489,1093.11,1130.86,1056.01,12,3
GOOG,3/16/20,1084.33,4252365,1096.00,1152.27,1074.44,12,3
GOOG,3/13/20,1219.73,3700125,1179.00,1219.76,1117.14,11,3
GOOG,3/12/20,1114.91,4226748,1126.00,1193.87,1113.30,11,3
GOOG,3/11/20,1215.41,2611229,1249.70,1260.96,1196.07,11,3
GOOG,3/10/20,1280.39,2611373,1260.00,1281.15,1218.77,11,3
GOOG,3/9/20,1215.56,3365365,1205.30,1254.76,1200.00,11,3
GOOG,3/6/20,1298.41,2660628,1277.06,1306.22,1261.05,10,3
GOOG,3/5/20,1319.04,2561288,1350.20,1358.91,1305.10,10,3
GOOG,3/4/20,1386.52,1913315,1359.23,1388.09,1343.11,10,3
GOOG,3/3/20,1341.39,2402326,1399.42,1410.15,1332.00,10,3
GOOG,3/2/20,1389.11,2431468,1351.61,1390.87,1326.82,10,3
GOOG,2/28/20,1339.33,3790618,1277.50,1341.14,1271.00,9,2
GOOG,2/27/20,1318.09,2978300,1362.06,1371.70,1317.17,9,2
GOOG,2/26/20,1393.18,2204037,1396.14,1415.70,1379.00,9,2
GOOG,2/25/20,1388.45,2478278,1433.00,1438.14,1382.40,9,2
GOOG,2/24/20,1421.59,2867053,1426.11,1436.97,1411.39,9,2
GOOG,2/21/20,1485.11,1732273,1508.03,1512.22,1480.44,8,2
GOOG,2/20/20,1518.15,1096552,1522.00,1529.64,1506.82,8,2
GOOG,2/19/20,1526.69,949268,1525.07,1532.11,1521.40,8,2
GOOG,2/18/20,1519.67,1121140,1515.00,1531.63,1512.59,8,2
GOOG,2/14/20,1520.74,1197836,1515.60,1520.74,1507.34,7,2
GOOG,2/13/20,1514.66,929730,1512.69,1527.18,1504.60,7,2
GOOG,2/12/20,1518.27,1167565,1514.48,1520.70,1508.11,7,2
GOOG,2/11/20,1508.79,1344633,1511.81,1529.63,1505.64,7,2
GOOG,2/10/20,1508.68,1419876,1474.32,1509.50,1474.32,7,2
GOOG,2/7/20,1479.23,1172270,1467.30,1485.84,1466.35,6,2
GOOG,2/6/20,1476.23,1679384,1450.33,1482.00,1449.57,6,2
GOOG,2/5/20,1448.23,1986157,1462.42,1463.84,1430.56,6,2
GOOG,2/4/20,1447.07,3932954,1457.07,1469.50,1426.30,6,2
GOOG,2/3/20,1485.94,3055216,1462.00,1490.00,1458.99,6,2
GOOG,1/31/20,1434.23,2417214,1468.90,1470.13,1428.53,5,1
GOOG,1/30/20,1455.84,1339421,1439.96,1457.28,1436.40,5,1
GOOG,1/29/20,1458.63,1078667,1458.80,1465.43,1446.74,5,1
GOOG,1/28/20,1452.56,1577422,1443.00,1456.00,1432.47,5,1
GOOG,1/27/20,1433.90,1755201,1431.00,1438.07,1421.20,5,1
GOOG,1/24/20,1466.71,1784644,1493.59,1495.50,1465.25,4,1
GOOG,1/23/20,1486.65,1351354,1487.64,1495.52,1482.10,4,1
GOOG,1/22/20,1485.95,1610846,1491.00,1503.21,1484.93,4,1
GOOG,1/21/20,1484.40,2036780,1479.12,1491.85,1471.20,4,1
GOOG,1/17/20,1480.39,2396215,1462.91,1481.30,1458.22,3,1
GOOG,1/16/20,1451.70,1173688,1447.44,1451.99,1440.92,3,1
GOOG,1/15/20,1439.20,1282685,1430.21,1441.40,1430.21,3,1
GOOG,1/14/20,1430.88,1560453,1439.01,1441.80,1428.37,3,1
GOOG,1/13/20,1439.23,1653482,1436.13,1440.52,1426.02,3,1
GOOG,1/10/20,1429.73,1821566,1427.56,1434.93,1418.35,2,1
GOOG,1/9/20,1419.83,1502664,1420.57,1427.33,1410.27,2,1
GOOG,1/8/20,1404.32,1529177,1392.08,1411.58,1390.84,2,1
GOOG,1/7/20,1393.34,1511693,1397.94,1402.99,1390.38,2,1
GOOG,1/6/20,1394.21,1733149,1350.00,1396.50,1350.00,2,1
GOOG,1/3/20,1360.66,1187006,1347.86,1372.50,1345.54,1,1
GOOG,1/2/20,1367.37,1406731,1341.55,1368.14,1341.55,1,1
ZNGA,12/31/20,9.87,12434710,9.77,9.89,9.66,53,12
ZNGA,12/30/20,9.72,11168230,9.58,9.77,9.56,53,12
ZNGA,12/29/20,9.61,18694970,9.75,9.80,9.49,53,12
ZNGA,12/28/20,9.73,17426240,9.99,10.05,9.71,53,12
ZNGA,12/24/20,9.91,5187689,9.90,10.00,9.84,52,12
ZNGA,12/23/20,9.93,12359340,9.99,10.03,9.79,52,12
ZNGA,12/22/20,9.99,18080680,9.99,10.14,9.91,52,12
ZNGA,12/21/20,9.87,18320710,9.95,10.01,9.71,52,12
ZNGA,12/18/20,9.94,33321750,9.61,10.02,9.59,51,12
ZNGA,12/17/20,9.61,22564440,9.59,9.65,9.42,51,12
ZNGA,12/16/20,9.52,33190130,9.30,9.56,9.25,51,12
ZNGA,12/15/20,9.12,44766530,8.86,9.18,8.82,51,12
ZNGA,12/14/20,8.71,28715870,8.62,8.89,8.60,51,12
ZNGA,12/11/20,8.69,11862390,8.65,8.77,8.61,50,12
ZNGA,12/10/20,8.66,9178347,8.58,8.66,8.53,50,12
ZNGA,12/9/20,8.62,27444070,8.85,8.86,8.47,50,12
ZNGA,12/8/20,8.84,24831620,8.86,8.97,8.75,50,12
ZNGA,12/7/20,8.87,23825600,8.79,9.00,8.77,50,12
ZNGA,12/4/20,8.78,42383120,8.43,8.84,8.43,49,12
ZNGA,12/3/20,8.42,21104590,8.38,8.45,8.31,49,12
ZNGA,12/2/20,8.32,16373330,8.15,8.39,8.12,49,12
ZNGA,12/1/20,8.24,12741720,8.20,8.28,8.09,49,12
ZNGA,11/30/20,8.25,17220000,8.25,8.34,8.07,49,11
ZNGA,11/27/20,8.23,11427820,8.08,8.29,8.07,48,11
ZNGA,11/25/20,8.04,22830940,8.03,8.11,7.86,48,11
ZNGA,11/24/20,8.00,22327880,8.24,8.24,7.94,48,11
ZNGA,11/23/20,8.22,14039110,8.40,8.45,8.20,48,11
ZNGA,11/20/20,8.35,20995020,8.18,8.45,8.17,47,11
ZNGA,11/19/20,8.16,23201190,7.90,8.30,7.87,47,11
ZNGA,11/18/20,7.91,20150160,8.04,8.05,7.89,47,11
ZNGA,11/17/20,7.98,19463210,7.99,8.04,7.91,47,11
ZNGA,11/16/20,7.96,28587060,8.00,8.06,7.85,47,11
ZNGA,11/13/20,8.13,15438110,8.23,8.23,8.03,46,11
ZNGA,11/12/20,8.18,19139340,8.07,8.24,8.05,46,11
ZNGA,11/11/20,8.00,24899960,8.22,8.25,7.97,46,11
ZNGA,11/10/20,8.14,35323690,8.03,8.18,7.77,46,11
ZNGA,11/9/20,7.95,64262770,8.56,8.63,7.94,46,11
ZNGA,11/6/20,8.73,53665020,9.12,9.12,8.61,45,11
ZNGA,11/5/20,9.15,74147770,9.29,9.32,8.82,45,11
ZNGA,11/4/20,9.87,34556690,9.80,9.92,9.67,45,11
ZNGA,11/3/20,9.51,18082670,9.30,9.57,9.24,45,11
ZNGA,11/2/20,9.27,23791420,9.16,9.31,9.06,45,11
ZNGA,10/30/20,8.99,19828760,9.31,9.32,8.89,44,10
ZNGA,10/29/20,9.33,10454240,9.48,9.49,9.22,44,10
ZNGA,10/28/20,9.43,10103860,9.41,9.46,9.22,44,10
ZNGA,10/27/20,9.45,9825229,9.44,9.51,9.40,44,10
ZNGA,10/26/20,9.33,12098310,9.45,9.52,9.30,44,10
ZNGA,10/23/20,9.44,15276360,9.49,9.52,9.34,43,10
ZNGA,10/22/20,9.30,18251570,9.09,9.34,8.94,43,10
ZNGA,10/21/20,9.11,15850060,9.04,9.22,9.03,43,10
ZNGA,10/20/20,8.98,10663670,9.02,9.10,8.90,43,10
ZNGA,10/19/20,8.99,12065580,9.20,9.30,8.98,43,10
ZNGA,10/16/20,9.16,9487726,9.22,9.28,9.15,42,10
ZNGA,10/15/20,9.18,13502440,9.30,9.34,9.15,42,10
ZNGA,10/14/20,9.37,13638800,9.55,9.56,9.30,42,10
ZNGA,10/13/20,9.54,18047100,9.34,9.54,9.19,42,10
ZNGA,10/12/20,9.30,16205060,9.40,9.45,9.24,42,10
ZNGA,10/9/20,9.31,14270820,9.36,9.42,9.30,41,10
ZNGA,10/8/20,9.30,17297120,9.64,9.64,9.29,41,10
ZNGA,10/7/20,9.58,23306670,9.63,9.68,9.55,41,10
ZNGA,10/6/20,9.57,20781260,9.58,9.72,9.51,41,10
ZNGA,10/5/20,9.57,15512610,9.40,9.59,9.33,41,10
ZNGA,10/2/20,9.32,22873930,9.30,9.56,9.26,40,10
ZNGA,10/1/20,9.49,27127570,9.22,9.61,9.21,40,10
ZNGA,9/30/20,9.12,21289370,9.20,9.23,9.05,40,9
ZNGA,9/29/20,9.12,15237170,9.06,9.25,9.03,40,9
ZNGA,9/28/20,9.07,14662300,9.03,9.08,8.91,40,9
ZNGA,9/25/20,8.96,15305000,8.88,9.02,8.83,39,9
ZNGA,9/24/20,8.85,20508650,8.65,8.92,8.60,39,9
ZNGA,9/23/20,8.70,19126760,8.71,8.87,8.68,39,9
ZNGA,9/22/20,8.70,14774750,8.66,8.71,8.48,39,9
ZNGA,9/21/20,8.63,16915650,8.36,8.64,8.34,39,9
ZNGA,9/18/20,8.46,18617250,8.38,8.48,8.26,38,9
ZNGA,9/17/20,8.38,14501950,8.17,8.39,8.10,38,9
ZNGA,9/16/20,8.30,19064980,8.55,8.59,8.27,38,9
ZNGA,9/15/20,8.52,10240980,8.42,8.57,8.41,38,9
ZNGA,9/14/20,8.39,10432050,8.40,8.49,8.32,38,9
ZNGA,9/11/20,8.35,12010180,8.53,8.59,8.27,37,9
ZNGA,9/10/20,8.50,30129990,8.54,8.76,8.48,37,9
ZNGA,9/9/20,8.46,17320170,8.43,8.54,8.30,37,9
ZNGA,9/8/20,8.32,24520000,8.50,8.61,8.29,37,9
ZNGA,9/4/20,8.75,30607770,8.99,9.02,8.36,36,9
ZNGA,9/3/20,9.10,45478780,8.91,9.13,8.54,36,9
ZNGA,9/2/20,9.06,15242110,9.10,9.15,8.87,36,9
ZNGA,9/1/20,9.07,12708640,9.01,9.19,9.00,36,9
ZNGA,8/31/20,9.06,18510510,9.06,9.15,8.86,36,8
ZNGA,8/28/20,9.06,16271830,9.02,9.21,9.01,35,8
ZNGA,8/27/20,8.99,24944220,9.16,9.16,8.87,35,8
ZNGA,8/26/20,9.15,16400900,9.16,9.35,9.09,35,8
ZNGA,8/25/20,9.18,19237840,9.18,9.19,9.06,35,8
ZNGA,8/24/20,9.22,13150120,9.30,9.41,9.14,35,8
ZNGA,8/21/20,9.31,9743587,9.44,9.47,9.29,34,8
ZNGA,8/20/20,9.43,9755495,9.30,9.50,9.26,34,8
ZNGA,8/19/20,9.32,16463820,9.46,9.51,9.31,34,8
ZNGA,8/18/20,9.42,12457620,9.39,9.48,9.32,34,8
ZNGA,8/17/20,9.36,12403180,9.39,9.42,9.27,34,8
ZNGA,8/14/20,9.38,18763620,9.30,9.44,9.18,33,8
ZNGA,8/13/20,9.25,15394570,9.20,9.33,9.10,33,8
ZNGA,8/12/20,9.11,35080310,9.00,9.19,8.96,33,8
ZNGA,8/11/20,9.01,36316280,9.30,9.31,8.71,33,8
ZNGA,8/10/20,9.47,24782140,9.75,9.79,9.32,33,8
ZNGA,8/7/20,9.73,43213840,9.70,10.16,9.60,32,8
ZNGA,8/6/20,9.95,41908420,10.52,10.69,9.91,32,8
ZNGA,8/5/20,10.07,29534640,10.16,10.18,9.88,32,8
ZNGA,8/4/20,10.19,14514530,10.26,10.26,10.06,32,8
ZNGA,8/3/20,10.14,20978160,9.90,10.18,9.88,32,8
ZNGA,7/31/20,9.83,16401680,9.80,9.89,9.70,31,7
ZNGA,7/30/20,9.71,11310650,9.63,9.78,9.53,31,7
ZNGA,7/29/20,9.69,11762860,9.54,9.73,9.46,31,7
ZNGA,7/28/20,9.49,8982420,9.78,9.78,9.48,31,7
ZNGA,7/27/20,9.72,10867880,9.62,9.78,9.54,31,7
ZNGA,7/24/20,9.55,14140630,9.41,9.63,9.26,30,7
ZNGA,7/23/20,9.52,14859880,9.80,9.86,9.46,30,7
ZNGA,7/22/20,9.81,15123600,9.87,9.94,9.70,30,7
ZNGA,7/21/20,9.74,20870690,9.90,9.93,9.64,30,7
ZNGA,7/20/20,9.83,16615610,9.54,9.84,9.45,30,7
ZNGA,7/17/20,9.45,12010920,9.45,9.50,9.29,29,7
ZNGA,7/16/20,9.43,20059970,9.40,9.47,9.29,29,7
ZNGA,7/15/20,9.47,31576600,9.65,9.75,9.31,29,7
ZNGA,7/14/20,9.82,20832780,9.67,9.91,9.44,29,7
ZNGA,7/13/20,9.75,25589400,10.51,10.51,9.66,29,7
ZNGA,7/10/20,10.38,17058200,10.43,10.48,10.24,28,7
ZNGA,7/9/20,10.44,25009770,10.42,10.55,10.12,28,7
ZNGA,7/8/20,10.25,26243790,10.10,10.28,9.93,28,7
ZNGA,7/7/20,9.89,19626120,9.74,9.91,9.68,28,7
ZNGA,7/6/20,9.72,22574050,9.60,9.88,9.47,28,7
ZNGA,7/2/20,9.53,18523560,9.82,9.84,9.49,27,7
ZNGA,7/1/20,9.76,26037170,9.52,9.79,9.44,27,7
ZNGA,6/30/20,9.54,20894990,9.56,9.71,9.51,27,6
ZNGA,6/29/20,9.56,13372200,9.52,9.61,9.33,27,6
ZNGA,6/26/20,9.58,30011590,9.63,9.72,9.44,26,6
ZNGA,6/25/20,9.61,16802550,9.48,9.65,9.41,26,6
ZNGA,6/24/20,9.48,14121990,9.59,9.72,9.37,26,6
ZNGA,6/23/20,9.57,17496350,9.49,9.77,9.44,26,6
ZNGA,6/22/20,9.44,13296360,9.34,9.50,9.32,26,6
ZNGA,6/19/20,9.29,14549980,9.28,9.43,9.21,25,6
ZNGA,6/18/20,9.22,11463670,9.32,9.40,9.17,25,6
ZNGA,6/17/20,9.33,15369250,9.10,9.45,9.10,25,6
ZNGA,6/16/20,9.05,19752790,9.14,9.16,8.97,25,6
ZNGA,6/15/20,9.10,25966550,9.07,9.27,9.01,25,6
ZNGA,6/12/20,9.11,32389310,9.33,9.43,8.90,24,6
ZNGA,6/11/20,9.18,28467410,9.08,9.54,9.04,24,6
ZNGA,6/10/20,9.33,29774520,9.30,9.42,9.21,24,6
ZNGA,6/9/20,9.21,32950540,9.27,9.37,9.09,24,6
ZNGA,6/8/20,9.15,26000250,8.94,9.15,8.74,24,6
ZNGA,6/5/20,8.97,31297750,8.82,8.99,8.60,23,6
ZNGA,6/4/20,9.05,25321500,9.23,9.34,8.96,23,6
ZNGA,6/3/20,9.29,24058360,9.61,9.62,9.23,23,6
ZNGA,6/2/20,9.59,39943480,9.88,9.92,9.30,23,6
ZNGA,6/1/20,9.66,60592900,9.40,9.87,9.26,23,6
ZNGA,5/29/20,9.15,60893530,8.20,9.19,8.18,22,5
ZNGA,5/28/20,8.07,16940820,7.97,8.18,7.92,22,5
ZNGA,5/27/20,7.99,29061530,8.00,8.03,7.65,22,5
ZNGA,5/26/20,8.09,17696370,8.51,8.53,8.08,22,5
ZNGA,5/22/20,8.38,17676650,8.16,8.41,8.11,21,5
ZNGA,5/21/20,8.14,13543310,8.18,8.37,8.09,21,5
ZNGA,5/20/20,8.14,16522210,8.14,8.30,8.10,21,5
ZNGA,5/19/20,8.04,15092180,7.99,8.17,7.98,21,5
ZNGA,5/18/20,7.96,33607680,8.10,8.14,7.88,21,5
ZNGA,5/15/20,8.04,17990710,7.85,8.05,7.73,20,5
ZNGA,5/14/20,7.88,15159310,7.67,7.88,7.57,20,5
ZNGA,5/13/20,7.69,19578060,7.78,7.96,7.57,20,5
ZNGA,5/12/20,7.73,15756490,7.97,8.00,7.72,20,5
ZNGA,5/11/20,7.94,14844950,7.73,8.00,7.72,20,5
ZNGA,5/8/20,7.77,14757860,7.66,7.79,7.60,19,5
ZNGA,5/7/20,7.64,39919510,7.56,7.78,7.42,19,5
ZNGA,5/6/20,7.95,36807330,7.71,8.00,7.68,19,5
ZNGA,5/5/20,7.62,15040230,7.56,7.73,7.48,19,5
ZNGA,5/4/20,7.47,15229880,7.29,7.49,7.18,19,5
ZNGA,5/1/20,7.25,20921730,7.46,7.53,7.24,18,5
ZNGA,4/30/20,7.54,18952260,7.57,7.74,7.51,18,4
ZNGA,4/29/20,7.58,17918480,7.56,7.64,7.40,18,4
ZNGA,4/28/20,7.49,21262110,7.81,7.82,7.41,18,4
ZNGA,4/27/20,7.74,17802210,7.75,7.85,7.64,18,4
ZNGA,4/24/20,7.62,11461720,7.59,7.62,7.48,17,4
ZNGA,4/23/20,7.45,12337850,7.50,7.54,7.38,17,4
ZNGA,4/22/20,7.48,14436090,7.47,7.54,7.27,17,4
ZNGA,4/21/20,7.51,18628020,7.66,7.71,7.39,17,4
ZNGA,4/20/20,7.64,13573920,7.72,7.80,7.64,17,4
ZNGA,4/17/20,7.73,27163600,7.75,7.75,7.52,16,4
ZNGA,4/16/20,7.75,22604350,7.58,7.80,7.52,16,4
ZNGA,4/15/20,7.45,18581320,7.14,7.50,7.10,16,4
ZNGA,4/14/20,7.22,15190980,7.17,7.37,7.12,16,4
ZNGA,4/13/20,7.05,13791770,6.92,7.09,6.84,16,4
ZNGA,4/9/20,6.91,24780400,6.80,6.92,6.66,15,4
ZNGA,4/8/20,6.78,30724330,6.62,6.93,6.51,15,4
ZNGA,4/7/20,6.56,33106330,6.89,6.92,6.50,15,4
ZNGA,4/6/20,6.81,25742640,6.80,6.88,6.60,15,4
ZNGA,4/3/20,6.64,17779730,6.68,6.75,6.58,14,4
ZNGA,4/2/20,6.68,24294340,6.71,6.79,6.55,14,4
ZNGA,4/1/20,6.76,12252340,6.70,7.00,6.66,14,4
ZNGA,3/31/20,6.85,16357580,6.84,7.04,6.76,14,3
ZNGA,3/30/20,6.86,18205250,6.90,6.94,6.71,14,3
ZNGA,3/27/20,6.70,20058760,6.72,6.86,6.58,13,3
ZNGA,3/26/20,6.74,24764770,6.33,6.79,6.30,13,3
ZNGA,3/25/20,6.21,15976170,6.40,6.49,6.15,13,3
ZNGA,3/24/20,6.38,22407150,6.48,6.78,6.21,13,3
ZNGA,3/23/20,6.26,22030740,6.05,6.39,5.96,13,3
ZNGA,3/20/20,5.94,26987900,6.42,6.68,5.91,12,3
ZNGA,3/19/20,6.36,23770300,6.20,6.65,6.11,12,3
ZNGA,3/18/20,6.20,27366840,5.85,6.38,5.76,12,3
ZNGA,3/17/20,6.07,24905870,6.10,6.55,5.65,12,3
ZNGA,3/16/20,5.87,24883630,6.03,6.64,5.82,12,3
ZNGA,3/13/20,6.55,19343250,6.49,6.57,6.18,11,3
ZNGA,3/12/20,6.04,22442300,6.24,6.39,6.02,11,3
ZNGA,3/11/20,6.69,24401700,6.69,6.77,6.53,11,3
ZNGA,3/10/20,6.83,16803810,6.78,6.85,6.43,11,3
ZNGA,3/9/20,6.53,23815970,6.57,6.80,6.48,11,3
ZNGA,3/6/20,7.06,23107150,7.07,7.21,6.85,10,3
ZNGA,3/5/20,7.23,26563440,7.10,7.42,7.07,10,3
ZNGA,3/4/20,7.23,18810640,7.01,7.25,6.93,10,3
ZNGA,3/3/20,6.88,22757670,7.07,7.07,6.82,10,3
ZNGA,3/2/20,6.97,19379690,6.84,6.99,6.72,10,3
ZNGA,2/28/20,6.71,25462690,6.57,6.82,6.49,9,2
ZNGA,2/27/20,6.75,20070410,6.75,6.97,6.67,9,2
ZNGA,2/26/20,6.88,16525570,7.02,7.10,6.85,9,2
ZNGA,2/25/20,6.99,25043310,7.10,7.20,6.94,9,2
ZNGA,2/24/20,7.02,24748590,6.82,7.11,6.75,9,2
ZNGA,2/21/20,7.13,14497330,7.13,7.17,7.06,8,2
ZNGA,2/20/20,7.18,16621070,7.10,7.29,7.10,8,2
ZNGA,2/19/20,7.09,15484100,7.10,7.22,7.08,8,2
ZNGA,2/18/20,7.09,21912190,6.90,7.10,6.89,8,2
ZNGA,2/14/20,6.93,17105850,6.95,7.04,6.87,7,2
ZNGA,2/13/20,6.92,21070440,6.73,6.98,6.71,7,2
ZNGA,2/12/20,6.75,12837290,6.77,6.84,6.73,7,2
ZNGA,2/11/20,6.74,16649920,6.80,6.84,6.71,7,2
ZNGA,2/10/20,6.79,26750470,6.64,6.81,6.60,7,2
ZNGA,2/7/20,6.65,29492540,6.64,6.93,6.62,6,2
ZNGA,2/6/20,6.71,72158580,6.41,6.88,6.37,6,2
ZNGA,2/5/20,5.93,46641870,6.11,6.23,5.89,6,2
ZNGA,2/4/20,6.08,28860830,6.04,6.10,5.89,6,2
ZNGA,2/3/20,5.96,21706150,6.04,6.10,5.95,6,2
ZNGA,1/31/20,6.02,27571950,6.07,6.10,5.97,5,1
ZNGA,1/30/20,6.08,28495500,6.06,6.13,6.01,5,1
ZNGA,1/29/20,6.06,18544130,6.11,6.15,6.03,5,1
ZNGA,1/28/20,6.07,27495020,5.98,6.19,5.94,5,1
ZNGA,1/27/20,5.93,25822260,6.05,6.06,5.90,5,1
ZNGA,1/24/20,6.10,33677620,6.41,6.43,6.09,4,1
ZNGA,1/23/20,6.39,24225250,6.53,6.54,6.39,4,1
ZNGA,1/22/20,6.52,18941650,6.65,6.66,6.50,4,1
ZNGA,1/21/20,6.63,22626320,6.67,6.71,6.58,4,1
ZNGA,1/17/20,6.67,23112580,6.83,6.84,6.63,3,1
ZNGA,1/16/20,6.81,19010720,6.88,6.91,6.80,3,1
ZNGA,1/15/20,6.85,13560670,6.86,6.92,6.79,3,1
ZNGA,1/14/20,6.77,8772292,6.78,6.81,6.70,3,1
ZNGA,1/13/20,6.77,10417260,6.66,6.80,6.61,3,1
ZNGA,1/10/20,6.62,19879710,6.71,6.80,6.60,2,1
ZNGA,1/9/20,6.70,17970250,6.66,6.78,6.66,2,1
ZNGA,1/8/20,6.59,17937750,6.48,6.62,6.46,2,1
ZNGA,1/7/20,6.49,24659540,6.33,6.50,6.31,2,1
ZNGA,1/6/20,6.27,21707420,6.14,6.32,6.14,2,1
ZNGA,1/3/20,6.23,10289980,6.12,6.23,6.11,1,1
ZNGA,1/2/20,6.15,16609580,6.19,6.20,6.12,1,1